<?xml version="1.0" standalone="yes"?>

<REACTIONS>
	<!--  H&lt;sup&gt;+&lt;/sup&gt; +  OH&lt;sup&gt;-&lt;/sup&gt; ->  H&lt;sub&gt;2&lt;/sub&gt;O -->
	<REACTION>
		<SPECIES_REF id="0" coefficient="1"/>
		<SPECIES_REF id="1" coefficient="-1"/>
		<SPECIES_REF id="2" coefficient="-1"/>
	</REACTION>

	<!-- Ag&lt;sup&gt;+</sup + Cl&lt;sup&gt;-&lt;/sup&gt; -> AgCl -->
	<REACTION>
		<SPECIES_REF id="9" coefficient="-1"/>
		<SPECIES_REF id="7" coefficient="-1"/>
		<SPECIES_REF id="10" coefficient="1"/>
	</REACTION>
</REACTIONS>
