<?xml version="1.0" standalone="yes"?>
<SPECIES_LIST>
	<SPECIES id="0"	name="H&lt;sub&gt;2&lt;/sub&gt;O"
					enthalpy="-285.83"
					entropy="69.91"
					state="l"/>

	<SPECIES id="1"	name="H&lt;sup&gt;+&lt;/sup&gt;"
					enthalpy="0.0"
					entropy="0.0"/>

	<SPECIES id="2"	name="OH&lt;sup&gt;-&lt;/sup&gt;"
					enthalpy="-229.99"
					entropy="-10.75"/>

	<SPECIES id="3"	name="NO&lt;sub&gt;3&lt;/sub&gt;&lt;sup&gt;-&lt;/sup&gt;"
					enthalpy="-205.0"
					entropy="146.4"/>

	<SPECIES id="7"	name="Cl&lt;sup&gt;-&lt;/sup&gt;"
					enthalpy="-167.16"
					entropy="56.5"/>

	<SPECIES id="8"	name="Na&lt;sup&gt;+&lt;/sup&gt;"
					enthalpy="-240.12"
					entropy="59.0"/>

	<SPECIES id="9" name="Ag&lt;sup&gt;+&lt;/sup&gt;"
	                enthalpy="105.58"
	                entropy="72.68"/>

	<SPECIES id="10" name="AgCl"
	                 enthalpy="-127.07"
	                 entropy="96.2"
	                 state="s"
	                 molecularWeight="143.3209"/>
</SPECIES_LIST>
