<?xml version="1.0" encoding="UTF-8" standalone="yes"?>

<FILESYSTEM>
	<DIRECTORY name="stockroom">

				<SOLUTION name="H&lt;sub&gt;2&lt;/sub&gt;O" description="Destilovaná voda" volume="0.1">
					<SPECIES_REF id="0"/>

				</SOLUTION>

		<DIRECTORY name="Silné zásady">
				<SOLUTION name="1M NaOH" description="1M Hydroxid sodný" volume="0.1">
					<SPECIES_REF id="0"/>
					<SPECIES_REF id="8" amount="0.1"/>
					<SPECIES_REF id="2" amount="0.1"/>
				</SOLUTION>

				<SOLUTION name="0.1M NaOH" description="0,1M Hydroxid sodný" volume="0.1">
					<SPECIES_REF id="0"/>
					<SPECIES_REF id="8" amount="0.01"/>
					<SPECIES_REF id="2" amount="0.01"/>
				</SOLUTION>

				<SOLUTION name="0.01M NaOH" description="0,01M " volume="0.1">
					<SPECIES_REF id="0"/>
					<SPECIES_REF id="8" amount="0.001"/>
					<SPECIES_REF id="2" amount="0.001"/>
				</SOLUTION>

				<SOLUTION name="0.001M NaOH" description="0,001M Hydroxid sodný" volume="0.1">
					<SPECIES_REF id="0"/>
					<SPECIES_REF id="8" amount="0.0001"/>
					<SPECIES_REF id="2" amount="0.0001"/>
				</SOLUTION>

				<SOLUTION name="0.0001M NaOH" description="0,0001M Hydroxid sodný" volume="0.1">
					<SPECIES_REF id="0"/>
					<SPECIES_REF id="8" amount="0.00001"/>
					<SPECIES_REF id="2" amount="0.00001"/>
				</SOLUTION>

				<SOLUTION name="0.00001M NaOH" description="0,00001M Hydroxid sodný" volume="0.1">
					<SPECIES_REF id="0"/>
					<SPECIES_REF id="8" amount="0.000001"/>
					<SPECIES_REF id="2" amount="0.000001"/>
				</SOLUTION>

				<SOLUTION name="3M NaOH" description="3M Hydroxid sodný" volume="0.1">
					<SPECIES_REF id="0"/>
					<SPECIES_REF id="8" amount="0.3"/>
					<SPECIES_REF id="2" amount="0.3"/>
				</SOLUTION>

				<SOLUTION name="10M NaOH" description="10M Hydroxid sodný" volume="0.1">
					<SPECIES_REF id="0"/>
					<SPECIES_REF id="8" amount="1.0"/>
					<SPECIES_REF id="2" amount="1.0"/>
				</SOLUTION>


		</DIRECTORY>



		<DIRECTORY name="Konjugované zásady">
				<SOLUTION name="1M NaNCCH&lt;sub&gt;2&lt;/sub&gt;COO" description="1M Kyanoacetát sodný" volume="0.1">
					<SPECIES_REF id="0"/>
					<SPECIES_REF id="8" amount="0.1"/>
					<SPECIES_REF id="15" amount="0.1"/>
				</SOLUTION>

				<SOLUTION name="1M Na&lt;sub&gt;2&lt;/sub&gt;CO&lt;sub&gt;3&lt;/sub&gt;" description="1M  Uhličitan sodný" volume="0.1">
					<SPECIES_REF id="0"/>
					<SPECIES_REF id="8" amount="0.1"/>
					<SPECIES_REF id="28" amount="0.1"/>
				</SOLUTION>

				<SOLUTION name="1M Na&lt;sub&gt;3&lt;/sub&gt;PO&lt;sub&gt;4&lt;/sub&gt;" description="1M Fosforečnan trisodný" volume="0.1">
					<SPECIES_REF id="0"/>
					<SPECIES_REF id="8" amount="0.1"/>
					<SPECIES_REF id="40" amount="0.1"/>
				</SOLUTION>
				

				<SOLUTION name="1M NaCH&lt;sub&gt;3&lt;/sub&gt;COO" description="1M Octan sodný" volume="0.1">
					<SPECIES_REF id="0"/>
					<SPECIES_REF id="8" amount="0.1"/>
					<SPECIES_REF id="23" amount="0.1"/>
				</SOLUTION>

				<SOLUTION name="1M NaHCO&lt;sub&gt;3&lt;/sub&gt;" description="1M Hydrogenuhliučitan sodný" volume="0.1">
					<SPECIES_REF id="0"/>
					<SPECIES_REF id="8" amount="0.1"/>
					<SPECIES_REF id="27" amount="0.1"/>
				</SOLUTION>

				<SOLUTION name="1M NaOCl" description="1M Chlornan sodný" volume="0.1">
					<SPECIES_REF id="0"/>
					<SPECIES_REF id="8" amount="0.1"/>
					<SPECIES_REF id="17" amount="0.1"/>
				</SOLUTION>

				<SOLUTION name="1M NaOI" description="1M Jodnan sodný" volume="0.1">
					<SPECIES_REF id="0"/>
					<SPECIES_REF id="8" amount="0.1"/>
					<SPECIES_REF id="21" amount="0.1"/>
				</SOLUTION>

				<SOLUTION name="1M NaCN" description="1M Kyanid sodný" volume="0.1">
					<SPECIES_REF id="0"/>
					<SPECIES_REF id="8" amount="0.1"/>
					<SPECIES_REF id="25" amount="0.1"/>
				</SOLUTION>

				<SOLUTION name="1M NaOBr" description="1M Bromnan sodný" volume="0.1">
					<SPECIES_REF id="0"/>
					<SPECIES_REF id="8" amount="0.1"/>
					<SPECIES_REF id="19" amount="0.1"/>
				</SOLUTION>

				<SOLUTION name="1M NaF" description="1M Fluorid sodný" volume="0.1">
					<SPECIES_REF id="0"/>
					<SPECIES_REF id="8" amount="0.1"/>
					<SPECIES_REF id="11" amount="0.1"/>
				</SOLUTION>

				<SOLUTION name="1M NaCl&lt;sub&gt;2&lt;/sub&gt;CHCOO" description="1M Dichloroacetát sodný " volume="0.1">
					<SPECIES_REF id="0"/>
					<SPECIES_REF id="8" amount="0.1"/>
					<SPECIES_REF id="13" amount="0.1"/>
				</SOLUTION>

		</DIRECTORY>

		<DIRECTORY name="Silné kyseliny">
				<SOLUTION name="10M HCl" description="10molární Kyselina chlorovodíková" volume="0.1">
					<SPECIES_REF id="0"/>
					<SPECIES_REF id="7" amount="1.0"/>
					<SPECIES_REF id="1" amount="1.0"/>
				</SOLUTION>

				<SOLUTION name="3M HCl" description="3molární Kyselina chlorovodíková" volume="0.1">
					<SPECIES_REF id="0"/>
					<SPECIES_REF id="7" amount="0.30000000000000004"/>
					<SPECIES_REF id="1" amount="0.30000000000000004"/>
				</SOLUTION>


				<SOLUTION name="10M HBr" description="10molární Kyselina bromovodíková" volume="0.1">
					<SPECIES_REF id="0"/>
					<SPECIES_REF id="5" amount="1.0"/>
					<SPECIES_REF id="1" amount="1.0"/>
				</SOLUTION>

				<SOLUTION name="3M HBr" description="3molární Kyselina bromovodíková" volume="0.1">
					<SPECIES_REF id="0"/>
					<SPECIES_REF id="5" amount="0.3"/>
					<SPECIES_REF id="1" amount="0.3"/>
				</SOLUTION>


				<SOLUTION name="3M HNO&lt;sub&gt;3&lt;/sub&gt;" description="3molární Nitric Acid" volume="0.1">
					<SPECIES_REF id="0"/>
					<SPECIES_REF id="3" amount="0.30000000000000004"/>
					<SPECIES_REF id="1" amount="0.30000000000000004"/>
				</SOLUTION>

				<SOLUTION name="10M HNO&lt;sub&gt;3&lt;/sub&gt;" description="10molární Kyselina dusičná" volume="0.1">
					<SPECIES_REF id="0"/>
					<SPECIES_REF id="3" amount="1.0"/>
					<SPECIES_REF id="1" amount="1.0"/>
				</SOLUTION>

				<SOLUTION name="10M HClO&lt;sub&gt;4&lt;/sub&gt;" description="10molární Kyselina chloristá" volume="0.1">
					<SPECIES_REF id="0"/>
					<SPECIES_REF id="6" amount="1.0"/>
					<SPECIES_REF id="1" amount="1.0"/>
				</SOLUTION>

				<SOLUTION name="3M HClO&lt;sub&gt;4&lt;/sub&gt;" description="3molární Kyselina chloristá" volume="0.1">
					<SPECIES_REF id="0"/>
					<SPECIES_REF id="6" amount="0.3"/>
					<SPECIES_REF id="1" amount="0.3"/>
				</SOLUTION>


				<SOLUTION name="10M HI" description="10molární Kyselina jodovodíková" volume="0.1">
					<SPECIES_REF id="0"/>
					<SPECIES_REF id="4" amount="1.0"/>
					<SPECIES_REF id="1" amount="1.0"/>
				</SOLUTION>

				<SOLUTION name="3M HI" description="3molární Kyselina jodovodíková" volume="0.1">
					<SPECIES_REF id="0"/>
					<SPECIES_REF id="4" amount="0.3"/>
					<SPECIES_REF id="1" amount="0.3"/>
				</SOLUTION>

				<SOLUTION name="1M HCl" description="1molární Kyselina chlorovodíková" volume="0.1">
					<SPECIES_REF id="0"/>
					<SPECIES_REF id="7" amount="0.1"/>
					<SPECIES_REF id="1" amount="0.1"/>
				</SOLUTION>

				<SOLUTION name="0.1M HCl" description="0,1M Kyselina chlorovodíková" volume="0.1">
					<SPECIES_REF id="0"/>
					<SPECIES_REF id="7" amount="0.01"/>
					<SPECIES_REF id="1" amount="0.01"/>
				</SOLUTION>

				<SOLUTION name="0.01M HCl" description="0,01M Kyselina chlorovodíková" volume="0.1">
					<SPECIES_REF id="0"/>
					<SPECIES_REF id="7" amount="0.001"/>
					<SPECIES_REF id="1" amount="0.001"/>
				</SOLUTION>

				<SOLUTION name="0.001M HCl" description="0,001M Kyselina chlorovodíková" volume="0.1">
					<SPECIES_REF id="0"/>
					<SPECIES_REF id="7" amount="0.0001"/>
					<SPECIES_REF id="1" amount="0.0001"/>
				</SOLUTION>

				<SOLUTION name="0.0001M HCl" description="0,0001M Kyselina chlorovodíková" volume="0.1">
					<SPECIES_REF id="0"/>
					<SPECIES_REF id="7" amount="0.00001"/>
					<SPECIES_REF id="1" amount="0.00001"/>
				</SOLUTION>

				<SOLUTION name="0.00001M HCl" description="0,00001M Kyselina chlorovodíková" volume="0.1">
					<SPECIES_REF id="0"/>
					<SPECIES_REF id="7" amount="0.000001"/>
					<SPECIES_REF id="1" amount="0.000001"/>
				</SOLUTION>


		</DIRECTORY>

		<DIRECTORY name="Slabé kyseliny">
				<SOLUTION name="1M HF" description="1molární Kyselina fluorovodíková" volume="0.1">
					<SPECIES_REF id="0"/>
					<SPECIES_REF id="10" amount="0.1"/>
				</SOLUTION>

				<SOLUTION name="1M CH&lt;sub&gt;3&lt;/sub&gt;COOH" description="1molární Kyselina octová" volume="0.1">
					<SPECIES_REF id="0"/>
					<SPECIES_REF id="22" amount="0.1"/>
				</SOLUTION>

				<SOLUTION name="3M CH&lt;sub&gt;3&lt;/sub&gt;COOH" description="3molární Kyselina octová" volume="0.1">
					<SPECIES_REF id="0"/>
					<SPECIES_REF id="22" amount="0.3"/>
				</SOLUTION>




				<SOLUTION name="3M NCCH&lt;sub&gt;2&lt;/sub&gt;COOH" description="3molární Kyselina kyanooctová" volume="0.1">
					<SPECIES_REF id="0"/>
					<SPECIES_REF id="14" amount="0.3"/>
				</SOLUTION>

				<SOLUTION name="3M H&lt;sub&gt;3&lt;/sub&gt;PO&lt;sub&gt;4&lt;/sub&gt;" description="3molární Kyselina trihydrogenfosforečná" volume="0.1">
					<SPECIES_REF id="0"/>
					<SPECIES_REF id="37" amount="0.3"/>
				</SOLUTION>

				<SOLUTION name="1M H&lt;sub&gt;3&lt;/sub&gt;PO&lt;sub&gt;4&lt;/sub&gt;" description="1molární Kyselina trihydrogenfosforečná" volume="0.1">
					<SPECIES_REF id="0"/>
					<SPECIES_REF id="37" amount="0.1"/>
				</SOLUTION>


				<SOLUTION name="1M NCCH&lt;sub&gt;2&lt;/sub&gt;COOH" description="1molární Kyselina kyanooctová" volume="0.1">
					<SPECIES_REF id="0"/>
					<SPECIES_REF id="14" amount="0.1"/>
				</SOLUTION>

				<SOLUTION name="3M HOI" description="3molární Kyselina jodná" volume="0.1">
					<SPECIES_REF id="0"/>
					<SPECIES_REF id="20" amount="0.30000000000000004"/>
				</SOLUTION>

				<SOLUTION name="1M HOCl" description="1M Kyselina chlorná" volume="0.1">
					<SPECIES_REF id="0"/>
					<SPECIES_REF id="16" amount="0.1"/>
				</SOLUTION>


				<SOLUTION name="3M HOCl" description="3M Kyselina chlorná" volume="0.1">
					<SPECIES_REF id="0"/>
					<SPECIES_REF id="16" amount="0.30000000000000004"/>
				</SOLUTION>

				<SOLUTION name="1M HOI" description="1 molární Kyselina jodná" volume="0.1">
					<SPECIES_REF id="0"/>
					<SPECIES_REF id="20" amount="0.1"/>
				</SOLUTION>

				<SOLUTION name="1M HOBr" description="1M Kyselina bromná" volume="0.1">
					<SPECIES_REF id="0"/>
					<SPECIES_REF id="18" amount="0.1"/>
				</SOLUTION>

				<SOLUTION name="3M HF" description="3M Kyselina fluorovodíková" volume="0.1">
					<SPECIES_REF id="0"/>
					<SPECIES_REF id="10" amount="0.30000000000000004"/>
				</SOLUTION>

				<SOLUTION name="3M Cl&lt;sub&gt;2&lt;/sub&gt;CHCOOH" description="3M Kyselina dichlorooctová" volume="0.1">
					<SPECIES_REF id="0"/>
					<SPECIES_REF id="12" amount="0.30000000000000004"/>
				</SOLUTION>

				<SOLUTION name="1M Cl&lt;sub&gt;2&lt;/sub&gt;CHCOOH" description="1M Kyselina dichlorooctová" volume="0.1">
					<SPECIES_REF id="0"/>
					<SPECIES_REF id="12" amount="0.1"/>
				</SOLUTION>

				<SOLUTION name="1M HCN" description="1M Kyselina kyanovodíková" volume="0.1">
					<SPECIES_REF id="0"/>
					<SPECIES_REF id="24" amount="0.1"/>
				</SOLUTION>

				<SOLUTION name="3M HOBr" description="3M Kyselina bromná" volume="0.1">
					<SPECIES_REF id="0"/>
					<SPECIES_REF id="18" amount="0.30000000000000004"/>
				</SOLUTION>

				<SOLUTION name="1M H&lt;sub&gt;2&lt;/sub&gt;CO&lt;sub&gt;3&lt;/sub&gt;" description="1M Kyselina uhličitá" volume="0.1">
					<SPECIES_REF id="0"/>
					<SPECIES_REF id="26" amount="0.1"/>
				</SOLUTION>

		</DIRECTORY>

			<DIRECTORY name="Slabé zásady">


				<SOLUTION name="3M NH&lt;sub&gt;3&lt;/sub&gt;" description="3M Amoniak" volume="0.1">
					<SPECIES_REF id="0"/>
					<SPECIES_REF id="33" amount="0.3"/>
				</SOLUTION>

				<SOLUTION name="1M NH&lt;sub&gt;3&lt;/sub&gt;" description="1M Amoniak" volume="0.1">
					<SPECIES_REF id="0"/>
					<SPECIES_REF id="33" amount="0.1"/>
				</SOLUTION>

				<SOLUTION name="1M C&lt;sub&gt;6&lt;/sub&gt;H&lt;sub&gt;5&lt;/sub&gt;NH&lt;sub&gt;2&lt;/sub&gt;" description="1M Anilin" volume="0.1">
					<SPECIES_REF id="0"/>
					<SPECIES_REF id="31" amount="0.1"/>
				</SOLUTION>

				<SOLUTION name="3M C&lt;sub&gt;6&lt;/sub&gt;H&lt;sub&gt;5&lt;/sub&gt;NH&lt;sub&gt;2&lt;/sub&gt;" description="3M Anilin" volume="0.1">
					<SPECIES_REF id="0"/>
					<SPECIES_REF id="31" amount="0.3"/>
				</SOLUTION>


			</DIRECTORY>


			<DIRECTORY name="Konjugované kyseliny">

				<SOLUTION name="1M NH&lt;sub&gt;4&lt;/sub&gt;Cl" description="1M Chlorid amonný" volume="0.1">
					<SPECIES_REF id="0"/>
					<SPECIES_REF id="7" amount="0.1"/>
					<SPECIES_REF id="36" amount="0.1"/>
				</SOLUTION>

				<SOLUTION name="3M NH&lt;sub&gt;4&lt;/sub&gt;Cl" description="3M Chlorid amonný" volume="0.1">
					<SPECIES_REF id="0"/>
					<SPECIES_REF id="7" amount="0.3"/>
					<SPECIES_REF id="36" amount="0.3"/>
				</SOLUTION>

				<SOLUTION name="1M C&lt;sub&gt;6&lt;/sub&gt;H&lt;sub&gt;5&lt;/sub&gt;NH&lt;sub&gt;3&lt;/sub&gt;Cl" description="1M Chlorid anilinu" volume="0.1">
					<SPECIES_REF id="0"/>
					<SPECIES_REF id="7" amount="0.1"/>
					<SPECIES_REF id="32" amount="0.1"/>
				</SOLUTION>

				<SOLUTION name="3M C&lt;sub&gt;6&lt;/sub&gt;H&lt;sub&gt;5&lt;/sub&gt;NH&lt;sub&gt;3&lt;/sub&gt;Cl" description="3M Chlorid anilinu" volume="0.1">
					<SPECIES_REF id="0"/>
					<SPECIES_REF id="7" amount="0.3"/>
					<SPECIES_REF id="32" amount="0.3"/>
				</SOLUTION>

			</DIRECTORY>


	</DIRECTORY>
	<DIRECTORY name="unknowns">
			<FILE href="unknownacid.htm" description="Popis problému">
				Popis problému
			</FILE>

			<SOLUTION name="Neznámá kyselina" description="" volume="0.1">
				<SPECIES_REF id="0"/>
				<SPECIES_REF id="41" amount="4.2E-4"/>
			</SOLUTION>

			<SOLUTION name="Neznámá zásada" description="" volume="0.1">
				<SPECIES_REF id="0"/>
				<SPECIES_REF id="8" amount="2.1E-4"/>
				<SPECIES_REF id="60" amount="2.1E-4"/>
			</SOLUTION>
	</DIRECTORY>

</FILESYSTEM>
