﻿<?xml version="1.0" encoding="UTF-8" standalone="yes"?>
<SPECIES_LIST>
	<SPECIES id="0" name="H&lt;sub&gt;2&lt;/sub&gt;O"
					enthalpy="-285.83"
					entropy="69.91"
					state="l"/>

	<SPECIES id="1" name="H&lt;sup&gt;+&lt;/sup&gt;"
					enthalpy="0.0"
					entropy="0.0"/>

	<SPECIES id="2" name="OH&lt;sup&gt;-&lt;/sup&gt;"
					enthalpy="-229.99"
					entropy="-10.75"/>

	<SPECIES id="3" name="NO&lt;sub&gt;3&lt;/sub&gt;&lt;sup&gt;-&lt;/sup&gt;"
					enthalpy="-205.0"
					entropy="146.4"/>

	<SPECIES id="4" name="I&lt;sup&gt;-&lt;/sup&gt;"
					enthalpy="-55.19"
					entropy="111.3"/>

	<SPECIES id="5" name="Br&lt;sup&gt;-&lt;/sup&gt;"
					enthalpy="-121.55"
					entropy="82.4"/>

	<SPECIES id="6" name="ClO&lt;sub&gt;4&lt;/sub&gt;&lt;sup&gt;-&lt;/sup&gt;"
					enthalpy="-129.33"
					entropy="182.0"/>

	<SPECIES id="7" name="Cl&lt;sup&gt;-&lt;/sup&gt;"
					enthalpy="-167.16"
					entropy="56.5"/>

	<SPECIES id="8" name="Na&lt;sup&gt;+&lt;/sup&gt;"
					enthalpy="-240.12"
					entropy="59.0"/>

	<SPECIES id="9" name="ClO&lt;sub&gt;3&lt;/sub&gt;&lt;sup&gt;-&lt;/sup&gt;"
					enthalpy="-103.97"
					entropy="162.3"/>

	<SPECIES id="10" name="HF"
					enthalpy="-320.08"
					entropy="88.7"/>

	<SPECIES id="11" name="F&lt;sup&gt;-&lt;/sup&gt;"
					enthalpy="-332.08"
					entropy="-12.437604874789841"/>

	<SPECIES id="12" name="Cl&lt;sub&gt;2&lt;/sub&gt;CHCOOH"
					enthalpy="-619.1"
					entropy="160.64269874686065"/>

	<SPECIES id="13" name="Cl&lt;sub&gt;2&lt;/sub&gt;CHCOO&lt;sup&gt;-&lt;/sup&gt;"
					enthalpy="-622.3"
					entropy="125.0"/>

	<SPECIES id="14" name="NCCH&lt;sub&gt;2&lt;/sub&gt;COOH"
					enthalpy="-54.2"
					entropy="276.04235418317654"/>

	<SPECIES id="15" name="NCCH&lt;sub&gt;2&lt;/sub&gt;COO&lt;sup&gt;-&lt;/sup&gt;"
					enthalpy="-56.2"
					entropy="222.0"/>

	<SPECIES id="16" name="HOCl"
					enthalpy="-120.9"
					entropy="139.73132118751613"/>

	<SPECIES id="17" name="OCl&lt;sup&gt;-&lt;/sup&gt;"
					enthalpy="-107.1"
					entropy="42.0"/>

	<SPECIES id="18" name="HOBr"
					enthalpy="-112.42"
					entropy="144.34603038591086"/>

	<SPECIES id="19" name="OBr&lt;sup&gt;-&lt;/sup&gt;"
					enthalpy="-93.63"
					entropy="42.0"/>

	<SPECIES id="20" name="HOI"
					enthalpy="-130.4"
					entropy="168.51298635759844"/>

	<SPECIES id="21" name="OI&lt;sup&gt;-&lt;/sup&gt;"
					enthalpy="-107.4"
					entropy="42.0"/>

	<SPECIES id="22" name="CH&lt;sub&gt;3&lt;/sub&gt;COOH"
					enthalpy="-485.76"
					entropy="178.7"/>

	<SPECIES id="23" name="CH&lt;sub&gt;3&lt;/sub&gt;COO&lt;sup&gt;-&lt;/sup&gt;"
					enthalpy="-486.01"
					entropy="86.79009304852713"/>

	<SPECIES id="24" name="HCN"
					enthalpy="107.1"
					entropy="124.7"/>

	<SPECIES id="25" name="CN&lt;sup&gt;-&lt;/sup&gt;"
					enthalpy="150.6"
					entropy="94.3212804273552"/>

	<SPECIES id="26" name="H&lt;sub&gt;2&lt;/sub&gt;CO&lt;sub&gt;3&lt;/sub&gt;"
					enthalpy="-669.65"
					entropy="187.4"/>

	<SPECIES id="27" name="HCO&lt;sub&gt;3&lt;/sub&gt;&lt;sup&gt;-&lt;/sup&gt;"
					enthalpy="-691.99"
					entropy="-9.130028584898714"/>

	<SPECIES id="28" name="CO&lt;sub&gt;3&lt;/sub&gt;&lt;sup&gt;-2&lt;/sup&gt;"
					enthalpy="-677.14"
					entropy="-156.8741463912882"/>

	<SPECIES id="29" name="HSO&lt;sub&gt;4&lt;/sub&gt;&lt;sup&gt;-&lt;/sup&gt;"
					enthalpy="-887.34"
					entropy="131.8"/>

	<SPECIES id="30" name="HSO&lt;sub&gt;4&lt;/sub&gt;&lt;sup&gt;-&lt;/sup&gt;"
					enthalpy="-887.34"
					entropy="131.8"/>

	<SPECIES id="31" name="C&lt;sub&gt;6&lt;/sub&gt;H&lt;sub&gt;5&lt;/sub&gt;NH&lt;sub&gt;2&lt;/sub&gt;"
					enthalpy="31.299999999999997"
					entropy="-192.11783197722377"/>

	<SPECIES id="32" name="C&lt;sub&gt;6&lt;/sub&gt;H&lt;sub&gt;5&lt;/sub&gt;NH&lt;sub&gt;3&lt;/sub&gt;&lt;sup&gt;+&lt;/sup&gt;"
					enthalpy="63.2"
					entropy="92.0"/>

	<SPECIES id="33" name="NH&lt;sub&gt;3&lt;/sub&gt;"
					enthalpy="-80.29"
					entropy="111.42203050810235"/>


	<SPECIES id="34" name="Mg(OH)&lt;sub&gt;2&lt;/sub&gt;"
					enthalpy="-924.54"
					state="s"
	               		molecularWeight="58.3"  
					entropy="63.18"/>


	<SPECIES id="35" name="Mg&lt;sup&gt;+2&lt;/sup&gt;"
					enthalpy="-466.85"
					entropy="-128.7070741292725"/>

	
	<SPECIES id="36" name="NH&lt;sub&gt;4&lt;/sub&gt;&lt;sup&gt;+&lt;/sup&gt;"
					enthalpy="-132.51"
					entropy="113.4"/>

	<SPECIES id="37" name="H&lt;sub&gt;3&lt;/sub&gt;PO&lt;sub&gt;4&lt;/sub&gt;"
					enthalpy="-1288.34"
					entropy="158.19999999999982"/>

	<SPECIES id="38" name="H&lt;sub&gt;2&lt;/sub&gt;PO&lt;sub&gt;4&lt;/sub&gt;&lt;sup&gt;-&lt;/sup&gt;"
					enthalpy="-1296.29"
					entropy="90.87604282938487"/>


	<SPECIES id="39" name="HPO&lt;sub&gt;4&lt;/sub&gt;&lt;sup&gt;-2&lt;/sup&gt;"
					enthalpy="-1292.14"
					entropy="-33.15335540626731"/>

	<SPECIES id="40" name="PO&lt;sub&gt;4&lt;/sub&gt;&lt;sup&gt;-3&lt;/sup&gt;"
					enthalpy="-1277.4"
					entropy="-226.04278471190318"/>

	<SPECIES id="41" name="Unknown_A"
					enthalpy="-619.1"
					entropy="252.05633881170098"/>

	<SPECIES id="42" name="Unknown_A&lt;sup&gt;-&lt;/sup&gt;"
					enthalpy="-627.3"
					entropy="125.0"/>

	<SPECIES id="43" name="Unknown_B"
					enthalpy="-619.1"
					entropy="317.14877727377893"/>

	<SPECIES id="44" name="Unknown_B&lt;sup&gt;-&lt;/sup&gt;"
					enthalpy="-627.3"
					entropy="125.0"/>

	<SPECIES id="45" name="Unknown_C"
					enthalpy="-619.1"
					entropy="282.68804562691054"/>

	<SPECIES id="46" name="Unknown_C&lt;sup&gt;-&lt;/sup&gt;"
					enthalpy="-627.3"
					entropy="125.0"/>

	<SPECIES id="47" name="Unknown_D"
					enthalpy="-619.1"
					entropy="288.4315751095554"/>

	<SPECIES id="48" name="Unknown_D&lt;sup&gt;-&lt;/sup&gt;"
					enthalpy="-627.3"
					entropy="125.0"/>

	<SPECIES id="49" name="Unknown_E"
					enthalpy="-619.1"
					entropy="322.89228486217564"/>

	<SPECIES id="50" name="Unknown_E&lt;sup&gt;-&lt;/sup&gt;"
					enthalpy="-627.3"
					entropy="125.0"/>

	<SPECIES id="51" name="Unknown_F"
					enthalpy="-619.1"
					entropy="296.0894557667481"/>

	<SPECIES id="52" name="Unknown_F&lt;sup&gt;-&lt;/sup&gt;"
					enthalpy="-627.3"
					entropy="125.0"/>

	<SPECIES id="53" name="Unknown_G"
					enthalpy="-619.1"
					entropy="269.2866245887759"/>

	<SPECIES id="54" name="Unknown_G&lt;sup&gt;-&lt;/sup&gt;"
					enthalpy="-627.3"
					entropy="125.0"/>

	<SPECIES id="55" name="Unknown_H"
					enthalpy="-619.1"
					entropy="261.628685065988"/>

	<SPECIES id="56" name="Unknown_H&lt;sup&gt;-&lt;/sup&gt;"
					enthalpy="-627.3"
					entropy="125.0"/>

	<SPECIES id="57" name="Unknown_I"
					enthalpy="-619.1"
					entropy="303.747385058299"/>

	<SPECIES id="58" name="Unknown_I&lt;sup&gt;-&lt;/sup&gt;"
					enthalpy="-627.3"
					entropy="125.0"/>

	<SPECIES id="59" name="Unknown_J"
					enthalpy="-619.1"
					entropy="275.030083639817"/>

	<SPECIES id="60" name="Unknown_J&lt;sup&gt;-&lt;/sup&gt;"
					enthalpy="-627.3"
					entropy="125.0"/>


</SPECIES_LIST>
