<?xml version="1.0" encoding="UTF-8" standalone="yes"?>
<VIRTUALLAB version="1.4.8">
   <TITLE>Sucrose Problem</TITLE>

   <AUTHOR>Jordi Cuadros and Tim Palucka</AUTHOR>

   <DESCRIPTION>Molarity, molality, mass percent, mole fraction? Understanding concentrations.</DESCRIPTION>

   <SOLUTION_MODELLERS>
      <MODELLER property="waterConcentration" model="waterFinite" />

      <MODELLER property="liquidVolume" model="evaluated" />
   </SOLUTION_MODELLERS>

   <SOLUTION_VIEWERS>
      <VIEWER honorSignificantFigures="false" name="Solution Properties" enabled="true" driver="irydium.vlab.viewer.PropertiesPanel" />

      <VIEWER sEnabled="true" aqEnabled="true" name="Species Viewer" enabled="true" gEnabled="true" driver="irydium.vlab.viewer.SpeciesViewer" />

      <VIEWER name="Thermometer" enabled="true" driver="irydium.vlab.viewer.Thermometer" />

      <VIEWER name="PH Meter" enabled="true" driver="irydium.vlab.viewer.PhViewer" />
   </SOLUTION_VIEWERS>

   <TRANSFERBAR>
      <MODEL name="Precise Transfer" enabled="true" driver="irydium.vlab.transfer.PreciseTransferModel" />

      <MODEL name="Significant Figures Transfer" enabled="true" driver="irydium.vlab.transfer.SignificantFiguresTransferModel" />

      <MODEL name="Realistic Transfer" enabled="true" driver="irydium.vlab.transfer.RealisticTransferModel" />
   </TRANSFERBAR>

   <KNOWLEDGEBASE reactions="concentration1/reactions.xml" species="concentration1/species.xml" driver="irydium.textRealm.TextKnowledgebase" />

   <REALM name="concentration1" driver="irydium.textRealm.TextRealm" filesystem="concentration1/filesystem.xml" />

   <STOCKROOM>
      <MOUNT realm="concentration1" path="/Irydium Solutions">Irydium Solutions</MOUNT>
   </STOCKROOM>
</VIRTUALLAB>

