<?xml version="1.0" encoding="UTF-8" standalone="yes"?>
<VIRTUALLAB version="1.4.8">
   <TITLE>Metals Density Problem</TITLE>

   <AUTHOR>Jordi Cuadros</AUTHOR>

   <DESCRIPTION>Identify metals from their density.</DESCRIPTION>

<!--  <SOLUTION_MODELLERS>
      <MODELLER property="waterConcentration" model="waterFinite" />

      <MODELLER property="liquidVolume" model="evaluated" />
   </SOLUTION_MODELLERS>-->
   <SOLUTION_VIEWERS>
<!--<VIEWER honorSignificantFigures="true" name="Solution Properties" enabled="true" driver="irydium.vlab.viewer.PropertiesPanel" />-->
<!--<VIEWER sEnabled="true" aqEnabled="true" name="Species Viewer" enabled="false" gEnabled="true" driver="irydium.vlab.viewer.SpeciesViewer" />-->
      <VIEWER name="Thermometer" enabled="true" driver="irydium.vlab.viewer.Thermometer" />

<!--<VIEWER name="PH Meter" enabled="false" driver="irydium.vlab.viewer.PhViewer" />-->
   </SOLUTION_VIEWERS>

   <TRANSFERBAR>
      <MODEL name="Realistic Transfer" enabled="true" driver="irydium.vlab.transfer.RealisticTransferModel" />

      <MODEL name="Precise Transfer" enabled="true" driver="irydium.vlab.transfer.PreciseTransferModel" />

      <MODEL name="Significant Figures Transfer" enabled="true" driver="irydium.vlab.transfer.SignificantFiguresTransferModel" />
   </TRANSFERBAR>

   <KNOWLEDGEBASE reactions="metals/reactions.xml" species="metals/species.xml" driver="irydium.textRealm.TextKnowledgebase" />

   <REALM name="metals" driver="irydium.textRealm.TextRealm" filesystem="metals/filesystem.xml" />

   <STOCKROOM>
      <MOUNT realm="metals" path="/Irydium Solutions">Irydium Solutions</MOUNT>
   </STOCKROOM>
</VIRTUALLAB>

