﻿<?xml version="1.0" encoding="UTF-8" standalone="yes"?>

<FILESYSTEM>
	<DIRECTORY name="stockroom">

				<SOLUTION name = "H&lt;sub&gt;2&lt;/sub&gt;O Destilada" description="Água Destilada"
						  volume="3.0" vessel="3lCarboy">
					<SPECIES_REF id="0"/>

				</SOLUTION>

			      <SOLUTION name = "Café" description="Café" volume="0.25" vessel="250mlVolumetric">
					<SPECIES_REF id="0"/>
					<SPECIES_REF id="3" amount="0.000000030"/>
					<SPECIES_REF id="5" amount="0.000000030"/>

				</SOLUTION>


			      <SOLUTION name = "Leite" description="Leite" volume="0.1" vessel="100mlBottle">
					<SPECIES_REF id="0"/>
					<SPECIES_REF id="4" amount="0.0000005"/>
				</SOLUTION>


		<FILE href="coffee.htm" description="Informações adicionais">Descrição do Problema</FILE>

	</DIRECTORY>
</FILESYSTEM>
