<?xml version="1.0" encoding="UTF-8" standalone="yes"?>

<FILESYSTEM>
	<DIRECTORY name="stockroom">

		<SOLUTION name="Distilled H&lt;sub&gt;2&lt;/sub&gt;O" description="Distilled Water" 
		          volume="3.0" vessel="3lCarboy">
			<SPECIES_REF id="0"/>
		</SOLUTION>

		<SOLUTION name="1M C&lt;sub&gt;6&lt;/sub&gt;H&lt;sub&gt;12&lt;/sub&gt;O&lt;sub&gt;6&lt;/sub&gt;" 
		          description="1M Glucose Solution" volume="0.1">
			<SPECIES_REF id="0"/>
			<SPECIES_REF id="3" amount="0.1"/>
		</SOLUTION>
	
		<FILE href="dilution.htm" description="Problem Description">
			Problem Description
		</FILE>
     </DIRECTORY>
</FILESYSTEM>
