<?xml version="1.0" encoding="UTF-8" standalone="yes"?>

<FILESYSTEM>
	<DIRECTORY name="stockroom">

				<SOLUTION name = "Destilovaná H&lt;sub&gt;2&lt;/sub&gt;O" description="Destilovaná voda"
						  volume="3.0" vessel="3lCarboy">
					<SPECIES_REF id="0"/>

				</SOLUTION>

				<SOLUTION name="1M NaOH" description="1molární hydroxid sodný" volume="0.1">
					<SPECIES_REF id="0"/>
					<SPECIES_REF id="8" amount="0.1"/>
					<SPECIES_REF id="2" amount="0.1"/>
				</SOLUTION>

				
		
				<SOLUTION name="1M HCl" description="1molární kyselina chlorovodíková" volume="0.1">
					<SPECIES_REF id="0"/>
					<SPECIES_REF id="7" amount="0.1"/>
					<SPECIES_REF id="1" amount="0.1"/>
				</SOLUTION>

				<FILE href="dilut.htm" description="Popis úkolu">Popis úkolu</FILE>

	</DIRECTORY>

</FILESYSTEM>
