<?xml version="1.0" encoding="UTF-8" standalone="yes"?>
<VIRTUALLAB version="1.4.8">
   <TITLE>Problém hustoty alkoholu</TITLE>

   <AUTHOR>Jordi Cuadros</AUTHOR>

   <DESCRIPTION>Urči koncentraci z hustoty roztoku.</DESCRIPTION>

   <SOLUTION_MODELLERS>
      <MODELLER property="waterConcentration" model="waterFinite" />

      <MODELLER property="liquidVolume" model="evaluated" />
   </SOLUTION_MODELLERS>

   <SOLUTION_VIEWERS>
      <VIEWER honorSignificantFigures="false" name="Vlastnosti roztoku" enabled="true" driver="irydium.vlab.viewer.PropertiesPanel" />

      <VIEWER sEnabled="true" aqEnabled="true" name="Distribuce iontů" enabled="false" gEnabled="true" driver="irydium.vlab.viewer.SpeciesViewer" />

      <VIEWER name="Teploměr" enabled="true" driver="irydium.vlab.viewer.Thermometer" />

      <VIEWER name="pH metr" enabled="true" driver="irydium.vlab.viewer.PhViewer" />
   </SOLUTION_VIEWERS>

   <TRANSFERBAR>
      <MODEL name="Přesné odměřování" enabled="true" driver="irydium.vlab.transfer.PreciseTransferModel" />

      <MODEL name="Odměřování podle platných číslic" enabled="true" driver="irydium.vlab.transfer.SignificantFiguresTransferModel" />

      <MODEL name="Realistické odměřování" enabled="true" driver="irydium.vlab.transfer.RealisticTransferModel" />
   </TRANSFERBAR>

   <KNOWLEDGEBASE reactions="alcohol/reactions.xml" species="alcohol/species.xml" driver="irydium.textRealm.TextKnowledgebase" />

   <REALM name="alcohol" driver="irydium.textRealm.TextRealm" filesystem="alcohol/filesystem.xml" />

   <STOCKROOM>
      <MOUNT realm="alcohol" path="/Irydium Solutions">Roztoky virtuální laboratoře</MOUNT>
   </STOCKROOM>
</VIRTUALLAB>

