<?xml version="1.0" encoding="UTF-8" standalone="yes"?>

<FILESYSTEM>
	<DIRECTORY name="stockroom">

				<SOLUTION name = "Distillata H&lt;sub&gt;2&lt;/sub&gt;O" description="Acqua Distillata"
						  volume="3.0" vessel="3lCarboy">
					<SPECIES_REF id="0"/>

				</SOLUTION>
				
		<DIRECTORY name="Soluzioni di Magazzino">

				<SOLUTION name="19M NaOH" description="Sodio Idrossido 19 Molare" volume="2.0" vessel="2500mlBottle">
					<SPECIES_REF id="0"/>
					<SPECIES_REF id="8" amount="38"/>
					<SPECIES_REF id="2" amount="38"/>
				</SOLUTION>
                
				<SOLUTION name="11.6M HCl" description="Acido Cloridrico 11.6 Molare" volume="2.0" vessel="2500mlBottle">
					<SPECIES_REF id="0"/>
					<SPECIES_REF id="7" amount="23.2"/>
					<SPECIES_REF id="1" amount="23.2"/>
				</SOLUTION>

				<SOLUTION name="17.8M H&lt;sub&gt;2&lt;/sub&gt;SO&lt;sub&gt;4&lt;/sub&gt;" description="Acido Solforico 17.8 Molare" volume="2.0" vessel="2500mlBottle">
					<SPECIES_REF id="0"/>
					<SPECIES_REF id="29" amount="35.6"/>
					<SPECIES_REF id="1" amount="35.6"/>
				</SOLUTION>

				<SOLUTION name="15.4M HNO&lt;sub&gt;3&lt;/sub&gt;" description="Acido Nitrico 15.4 Molare" volume="2.0" vessel="2500mlBottle">
					<SPECIES_REF id="0"/>
					<SPECIES_REF id="3" amount="30.8"/>
					<SPECIES_REF id="1" amount="30.8"/>
				</SOLUTION>

				<SOLUTION name="15M HClO&lt;sub&gt;4&lt;/sub&gt;" description="Acido Perclorico 15 Molare" volume="2.0" vessel="2500mlBottle">
					<SPECIES_REF id="0"/>
					<SPECIES_REF id="6" amount="30"/>
					<SPECIES_REF id="1" amount="30"/>
				</SOLUTION>

				<SOLUTION name="14.6M H&lt;sub&gt;3&lt;/sub&gt;PO&lt;sub&gt;4&lt;/sub&gt;" description="Acido Fosforico 14.6 Molare" volume="2.0" vessel="2500mlBottle">
					<SPECIES_REF id="0"/>
					<SPECIES_REF id="37" amount="29.2"/>
				</SOLUTION>

				<SOLUTION name="14.8M NH&lt;sub&gt;3&lt;/sub&gt;" description="Ammoniaca 14.8 Molare" volume="2.0" vessel="2500mlBottle">
					<SPECIES_REF id="0"/>
					<SPECIES_REF id="33" amount="29.6"/>
				</SOLUTION>

		</DIRECTORY>

		<DIRECTORY name="Acidi Forti">
				<SOLUTION name="10M HCl" description="Acido Cloridrico 10 Molare" volume="0.1">
					<SPECIES_REF id="0"/>
					<SPECIES_REF id="7" amount="1.0"/>
					<SPECIES_REF id="1" amount="1.0"/>
				</SOLUTION>
				
				<SOLUTION name="3M HCl" description="Acido Cloridrico 3 Molare" volume="0.1">
					<SPECIES_REF id="0"/>
					<SPECIES_REF id="7" amount="0.30000000000000004"/>
					<SPECIES_REF id="1" amount="0.30000000000000004"/>
				</SOLUTION>
				
				<SOLUTION name="1M HCl" description="Acido Cloridrico 1 Molare" volume="0.1">
					<SPECIES_REF id="0"/>
					<SPECIES_REF id="7" amount="0.1"/>
					<SPECIES_REF id="1" amount="0.1"/>
				</SOLUTION>
				
				<SOLUTION name="0.1M HCl" description="Acido Cloridrico 0.1 Molare" volume="0.1">
					<SPECIES_REF id="0"/>
					<SPECIES_REF id="7" amount="0.01"/>
					<SPECIES_REF id="1" amount="0.01"/>
				</SOLUTION>
				
				<SOLUTION name="10M HBr" description="Acido Bromidrico 10 Molare" volume="0.1">
					<SPECIES_REF id="0"/>
					<SPECIES_REF id="5" amount="1.0"/>
					<SPECIES_REF id="1" amount="1.0"/>
				</SOLUTION>

				<SOLUTION name="3M HBr" description="Acido Bromidrico 3 Molare" volume="0.1">
					<SPECIES_REF id="0"/>
					<SPECIES_REF id="5" amount="0.3"/>
					<SPECIES_REF id="1" amount="0.3"/>
				</SOLUTION>

				<SOLUTION name="1M HBr" description="Acido Bromidrico 1 Molare" volume="0.1">
					<SPECIES_REF id="0"/>
					<SPECIES_REF id="5" amount="0.1"/>
					<SPECIES_REF id="1" amount="0.1"/>
				</SOLUTION>

				<SOLUTION name="10M H&lt;sub&gt;2&lt;/sub&gt;SO&lt;sub&gt;4&lt;/sub&gt;" description="Acido Solforico 10 Molare" volume="0.1">
					<SPECIES_REF id="0"/>
					<SPECIES_REF id="29" amount="1"/>
					<SPECIES_REF id="1" amount="1"/>
				</SOLUTION>


				<SOLUTION name="3M H&lt;sub&gt;2&lt;/sub&gt;SO&lt;sub&gt;4&lt;/sub&gt;" description="Acido Solforico 3 Molare" volume="0.1">
					<SPECIES_REF id="0"/>
					<SPECIES_REF id="29" amount="0.3"/>
					<SPECIES_REF id="1" amount="0.3"/>
				</SOLUTION>

				<SOLUTION name="1M H&lt;sub&gt;2&lt;/sub&gt;SO&lt;sub&gt;4&lt;/sub&gt;" description="Acido Solforico 1 Molare" volume="0.1">
					<SPECIES_REF id="0"/>
					<SPECIES_REF id="29" amount="0.1"/>
					<SPECIES_REF id="1" amount="0.1"/>
				</SOLUTION>

				<SOLUTION name="10M HNO&lt;sub&gt;3&lt;/sub&gt;" description="Acido Nitrico 10 Molare" volume="0.1">
					<SPECIES_REF id="0"/>
					<SPECIES_REF id="3" amount="1.0"/>
					<SPECIES_REF id="1" amount="1.0"/>
				</SOLUTION>

				<SOLUTION name="3M HNO&lt;sub&gt;3&lt;/sub&gt;" description="Acido Nitrico 3 Molare" volume="0.1">
					<SPECIES_REF id="0"/>
					<SPECIES_REF id="3" amount="0.30000000000000004"/>
					<SPECIES_REF id="1" amount="0.30000000000000004"/>
				</SOLUTION>

				<SOLUTION name="1M HNO&lt;sub&gt;3&lt;/sub&gt;" description="Acido Nitrico 1 Molare" volume="0.1">
					<SPECIES_REF id="0"/>
					<SPECIES_REF id="3" amount="0.10000000000000004"/>
					<SPECIES_REF id="1" amount="0.10000000000000004"/>
				</SOLUTION>

				<SOLUTION name="10M HClO&lt;sub&gt;4&lt;/sub&gt;" description="Acido Perclorico 10 Molare" volume="0.1">
					<SPECIES_REF id="0"/>
					<SPECIES_REF id="6" amount="1.0"/>
					<SPECIES_REF id="1" amount="1.0"/>
				</SOLUTION>

				<SOLUTION name="3M HClO&lt;sub&gt;4&lt;/sub&gt;" description="Acido Perclorico 3 Molare" volume="0.1">
					<SPECIES_REF id="0"/>
					<SPECIES_REF id="6" amount="0.3"/>
					<SPECIES_REF id="1" amount="0.3"/>
				</SOLUTION>

				<SOLUTION name="1M HClO&lt;sub&gt;4&lt;/sub&gt;" description="Acido Perclorico 1 Molare" volume="0.1">
					<SPECIES_REF id="0"/>
					<SPECIES_REF id="6" amount="0.1"/>
					<SPECIES_REF id="1" amount="0.1"/>
				</SOLUTION>

				<SOLUTION name="10M HI" description="Acido Iodidrico 10 Molare" volume="0.1">
					<SPECIES_REF id="0"/>
					<SPECIES_REF id="4" amount="1.0"/>
					<SPECIES_REF id="1" amount="1.0"/>
				</SOLUTION>

				<SOLUTION name="3M HI" description="Acido Iodidrico 3 Molare" volume="0.1">
					<SPECIES_REF id="0"/>
					<SPECIES_REF id="4" amount="0.3"/>
					<SPECIES_REF id="1" amount="0.3"/>
				</SOLUTION>

				<SOLUTION name="1M HI" description="Acido Iodidrico 1 Molare" volume="0.1">
					<SPECIES_REF id="0"/>
					<SPECIES_REF id="4" amount="0.1"/>
					<SPECIES_REF id="1" amount="0.1"/>
				</SOLUTION>


		</DIRECTORY>
		<DIRECTORY name="Acidi Deboli">
				<SOLUTION name="3M HF" description="Acido Fluoridrico 3 Molare" volume="0.1">
					<SPECIES_REF id="0"/>
					<SPECIES_REF id="10" amount="0.3"/>
				</SOLUTION>

				<SOLUTION name="1M HF" description="Acido Fluoridrico 1 Molare" volume="0.1">
					<SPECIES_REF id="0"/>
					<SPECIES_REF id="10" amount="0.1"/>
				</SOLUTION>

				<SOLUTION name="3M CH&lt;sub&gt;3&lt;/sub&gt;COOH" description="Acido Acetico 3 Molare" volume="0.1">
					<SPECIES_REF id="0"/>
					<SPECIES_REF id="22" amount="0.3"/>
				</SOLUTION>

				<SOLUTION name="1M CH&lt;sub&gt;3&lt;/sub&gt;COOH" description="Acido Acetico 1 Molare" volume="0.1">
					<SPECIES_REF id="0"/>
					<SPECIES_REF id="22" amount="0.1"/>
				</SOLUTION>

				<SOLUTION name="3M NCCH&lt;sub&gt;2&lt;/sub&gt;COOH" description="Acido Cianoacetico 3 Molare" volume="0.1">
					<SPECIES_REF id="0"/>
					<SPECIES_REF id="14" amount="0.3"/>
				</SOLUTION>

				<SOLUTION name="1M NCCH&lt;sub&gt;2&lt;/sub&gt;COOH" description="Acido Cianoacetico 1 Molare" volume="0.1">
					<SPECIES_REF id="0"/>
					<SPECIES_REF id="14" amount="0.1"/>
				</SOLUTION>

				<SOLUTION name="3M H&lt;sub&gt;3&lt;/sub&gt;PO&lt;sub&gt;4&lt;/sub&gt;" description="Acido Fosforico 3 Molare" volume="0.1">
					<SPECIES_REF id="0"/>
					<SPECIES_REF id="37" amount="0.3"/>
				</SOLUTION>

				<SOLUTION name="1M H&lt;sub&gt;3&lt;/sub&gt;PO&lt;sub&gt;4&lt;/sub&gt;" description="Acido Fosforico 1 Molare" volume="0.1">
					<SPECIES_REF id="0"/>
					<SPECIES_REF id="37" amount="0.1"/>
				</SOLUTION>


				<SOLUTION name="3M HOI" description="Acido Ipoiodoso 3 Molare" volume="0.1">
					<SPECIES_REF id="0"/>
					<SPECIES_REF id="20" amount="0.30000000000000004"/>
				</SOLUTION>	

				<SOLUTION name="1M HOI" description="Acido Ipoiodoso 1 Molare" volume="0.1">
					<SPECIES_REF id="0"/>
					<SPECIES_REF id="20" amount="0.10000000000000004"/>
				</SOLUTION>

				<SOLUTION name="3M HOCl" description="Acido Ipocloroso 3 Molare" volume="0.1">
					<SPECIES_REF id="0"/>
					<SPECIES_REF id="16" amount="0.30000000000000004"/>
				</SOLUTION>

				<SOLUTION name="1M HOCl" description="Acido Ipocloroso 1 Molare" volume="0.1">
					<SPECIES_REF id="0"/>
					<SPECIES_REF id="16" amount="0.1"/>
				</SOLUTION>


				<SOLUTION name="3M HOBr" description="Acido Ipobromoso 3 Molare" volume="0.1">
					<SPECIES_REF id="0"/>
					<SPECIES_REF id="18" amount="0.3"/>
				</SOLUTION>
				
				<SOLUTION name="1M HOBr" description="Acido Ipobromoso 1 Molare" volume="0.1">
					<SPECIES_REF id="0"/>
					<SPECIES_REF id="18" amount="0.1"/>
				</SOLUTION>


				<SOLUTION name="3M Cl&lt;sub&gt;2&lt;/sub&gt;CHCOOH" description="Acido Dicloroacetico 3 Molare" volume="0.1">
					<SPECIES_REF id="0"/>
					<SPECIES_REF id="12" amount="0.30000000000000004"/>
				</SOLUTION>

				<SOLUTION name="1M Cl&lt;sub&gt;2&lt;/sub&gt;CHCOOH" description="Acido Dicloroacetico 1 Molare" volume="0.1">
					<SPECIES_REF id="0"/>
					<SPECIES_REF id="12" amount="0.1"/>
				</SOLUTION>

				<SOLUTION name="3M HCN" description="Acido Cianidrico 3 Molare" volume="0.1">
					<SPECIES_REF id="0"/>
					<SPECIES_REF id="24" amount="0.3"/>
				</SOLUTION>

				<SOLUTION name="1M HCN" description="Acido Cianidrico 1 Molare" volume="0.1">
					<SPECIES_REF id="0"/>
					<SPECIES_REF id="24" amount="0.1"/>
				</SOLUTION>
				
			
		</DIRECTORY>	
				<DIRECTORY name="Acidi Coniugati">

				<SOLUTION name="3M NH&lt;sub&gt;4&lt;/sub&gt;Cl" description="Ammonio Cloruro 3 Molare" volume="0.1">
					<SPECIES_REF id="0"/>
					<SPECIES_REF id="7" amount="0.3"/>
					<SPECIES_REF id="36" amount="0.3"/>
				</SOLUTION>


				<SOLUTION name="1M NH&lt;sub&gt;4&lt;/sub&gt;Cl" description="Ammonio Cloruro 1 Molare" volume="0.1">
					<SPECIES_REF id="0"/>
					<SPECIES_REF id="7" amount="0.1"/>
					<SPECIES_REF id="36" amount="0.1"/>
				</SOLUTION>

				<SOLUTION name="3M C&lt;sub&gt;5&lt;/sub&gt;H&lt;sub&gt;5&lt;/sub&gt;NHCl" description="Piridinio Cloruro 3 Molare" volume="0.1">
					<SPECIES_REF id="0"/>
					<SPECIES_REF id="7" amount="0.3"/>
					<SPECIES_REF id="55" amount="0.3"/>
				</SOLUTION>

				<SOLUTION name="1M C&lt;sub&gt;5&lt;/sub&gt;H&lt;sub&gt;5&lt;/sub&gt;NHCl" description="Piridinio Cloruro 1 Molare" volume="0.1">
					<SPECIES_REF id="0"/>
					<SPECIES_REF id="7" amount="0.1"/>
					<SPECIES_REF id="55" amount="0.1"/>
				</SOLUTION>


		</DIRECTORY>
		
		<DIRECTORY name="Basi Forti">
				<SOLUTION name="10M NaOH" description="Sodio Idrossido 10 Molare" volume="0.1">
					<SPECIES_REF id="0"/>
					<SPECIES_REF id="8" amount="1.0"/>
					<SPECIES_REF id="2" amount="1.0"/>
				</SOLUTION>

				<SOLUTION name="3M NaOH" description="Sodio Idrossido 3 Molare" volume="0.1">
					<SPECIES_REF id="0"/>
					<SPECIES_REF id="8" amount="0.3"/>
					<SPECIES_REF id="2" amount="0.3"/>
				</SOLUTION>

				<SOLUTION name="1M NaOH" description="Sodio Idrossido 1 Molare" volume="0.1">
					<SPECIES_REF id="0"/>
					<SPECIES_REF id="8" amount="0.1"/>
					<SPECIES_REF id="2" amount="0.1"/>
				</SOLUTION>

				<SOLUTION name="0.1M NaOH" description="Sodio Idrossido 0.1 Molare" volume="0.1">
					<SPECIES_REF id="0"/>
					<SPECIES_REF id="8" amount="0.01"/>
					<SPECIES_REF id="2" amount="0.01"/>
				</SOLUTION>




		</DIRECTORY>

		<DIRECTORY name="Basi Deboli">
				<SOLUTION name="3M NH&lt;sub&gt;3&lt;/sub&gt;" description="Ammoniaca 3 Molare" volume="0.1">
					<SPECIES_REF id="0"/>
					<SPECIES_REF id="33" amount="0.3"/>
				</SOLUTION>	

				<SOLUTION name="1M NH&lt;sub&gt;3&lt;/sub&gt;" description="Ammoniaca 1 Molare" volume="0.1">
					<SPECIES_REF id="0"/>
					<SPECIES_REF id="33" amount="0.1"/>
				</SOLUTION>

				<SOLUTION name="0.5M Mg(OH)&lt;sub&gt;2&lt;/sub&gt;" description="Magnesio Idrossido 0.5 Molare" volume="0.1">
					<SPECIES_REF id="0"/>
					<SPECIES_REF id="51" amount="0.05"/>
				</SOLUTION>

				<SOLUTION name="3M C&lt;sub&gt;5&lt;/sub&gt;H&lt;sub&gt;5&lt;/sub&gt;N" description="Piridina 3 Molare" volume="0.1">
					<SPECIES_REF id="0"/>
					<SPECIES_REF id="56" amount="0.3"/>
				</SOLUTION>
				
				<SOLUTION name="1M C&lt;sub&gt;5&lt;/sub&gt;H&lt;sub&gt;5&lt;/sub&gt;N" description="Piridina 1 Molare" volume="0.1">
					<SPECIES_REF id="0"/>
					<SPECIES_REF id="56" amount="0.1"/>
				</SOLUTION>


		</DIRECTORY>

		<DIRECTORY name="Basi Coniugate">
				<SOLUTION name="1M NaNCCH&lt;sub&gt;2&lt;/sub&gt;COO" description="Sodio Cianoacetato 1 Molare" volume="0.1">
					<SPECIES_REF id="0"/>
					<SPECIES_REF id="8" amount="0.1"/>
					<SPECIES_REF id="15" amount="0.1"/>
				</SOLUTION>

				<SOLUTION name="1M Na&lt;sub&gt;2&lt;/sub&gt;CO&lt;sub&gt;3&lt;/sub&gt;" description="Sodio Carbonato 1 Molare" volume="0.1">
					<SPECIES_REF id="0"/>
					<SPECIES_REF id="8" amount="0.2"/>
					<SPECIES_REF id="28" amount="0.1"/>
				</SOLUTION>

				<SOLUTION name="1M Na&lt;sub&gt;3&lt;/sub&gt;PO&lt;sub&gt;4&lt;/sub&gt;" description="Sodio Fosfato 1 Molare" volume="0.1">
					<SPECIES_REF id="0"/>
					<SPECIES_REF id="8" amount="0.3"/>
					<SPECIES_REF id="40" amount="0.1"/>
				</SOLUTION>

				<SOLUTION name="1M NaCH&lt;sub&gt;3&lt;/sub&gt;COO" description="Sodio Acetato 1 Molare" volume="0.1">
					<SPECIES_REF id="0"/>
					<SPECIES_REF id="8" amount="0.1"/>
					<SPECIES_REF id="23" amount="0.1"/>
				</SOLUTION>

				<SOLUTION name="1M NaHCO&lt;sub&gt;3&lt;/sub&gt;" description="Sodio Idrogeno Carbonato 1 Molare" volume="0.1">
					<SPECIES_REF id="0"/>
					<SPECIES_REF id="8" amount="0.1"/>
					<SPECIES_REF id="27" amount="0.1"/>
				</SOLUTION>

				<SOLUTION name="1M NaOCl" description="Sodio Ipoclorito 1 Molare" volume="0.1">
					<SPECIES_REF id="0"/>
					<SPECIES_REF id="8" amount="0.1"/>
					<SPECIES_REF id="17" amount="0.1"/>
				</SOLUTION>

				<SOLUTION name="1M NaOI" description="Sodio Ipoiodito 1 Molare" volume="0.1">
					<SPECIES_REF id="0"/>
					<SPECIES_REF id="8" amount="0.1"/>
					<SPECIES_REF id="21" amount="0.1"/>
				</SOLUTION>

				<SOLUTION name="1M NaCN" description="Sodio Cianuro 1 Molare" volume="0.1">
					<SPECIES_REF id="0"/>
					<SPECIES_REF id="8" amount="0.1"/>
					<SPECIES_REF id="25" amount="0.1"/>
				</SOLUTION>

				<SOLUTION name="1M NaOBr" description="Sodio Ipobromito 1 Molare" volume="0.1">
					<SPECIES_REF id="0"/>
					<SPECIES_REF id="8" amount="0.1"/>
					<SPECIES_REF id="19" amount="0.1"/>
				</SOLUTION>

				<SOLUTION name="1M NaF" description="Sodio Fluoruro 1 Molare" volume="0.1">
					<SPECIES_REF id="0"/>
					<SPECIES_REF id="8" amount="0.1"/>
					<SPECIES_REF id="11" amount="0.1"/>
				</SOLUTION>

				<SOLUTION name="1M NaCl&lt;sub&gt;2&lt;/sub&gt;CHCOO" description="Sodio Dicloroacetato 1 Molare" volume="0.1">
					<SPECIES_REF id="0"/>
					<SPECIES_REF id="8" amount="0.1"/>
					<SPECIES_REF id="13" amount="0.1"/>
				</SOLUTION>

		</DIRECTORY>

		<DIRECTORY name="Indicatori">
				<SOLUTION name="Metilarancio" description="Soluzione di Indicatore Metilarancio" volume="0.1" vessel="100mlBottle">
					<SPECIES_REF id="0"/>
					<SPECIES_REF id="41" amount=".0001"/>
				</SOLUTION>

				<SOLUTION name="Rosso Metile" description="Soluzione di Indicatore Rosso Metile" volume="0.1" vessel="100mlBottle">
					<SPECIES_REF id="0"/>
					<SPECIES_REF id="43" amount=".00015"/>
				</SOLUTION>

				<!--SOLUTION name="Cresol Red" description="Cresol Red Indicator Solution" volume="0.1" vessel="100mlBottle">
					<SPECIES_REF id="0"/>
					<SPECIES_REF id="45" amount=".0000001"/>
				</SOLUTION-->

				<SOLUTION name="Fenolftaleina" description="Soluzione di Indicatore Fenolftaleina" volume="0.1" vessel="100mlBottle">
					<SPECIES_REF id="0"/>
					<SPECIES_REF id="47" amount=".00016"/>
				</SOLUTION>

				<SOLUTION name="Bromocresolo" description="Soluzione di Indicatore Bromocresolo" volume="0.1" vessel="100mlBottle">
					<SPECIES_REF id="0"/>
					<SPECIES_REF id="8" amount=".00006"/>
					<SPECIES_REF id="50" amount=".00006"/>
				</SOLUTION>
		</DIRECTORY>

		<DIRECTORY name ="Solidi">
			    <SOLUTION name = "NaCl" description="Sodio Cloruro" volume="0.0" vessel="SolidBottle">
				    <SPECIES_REF id="59" amount="3.0"/>
				</SOLUTION>
        </DIRECTORY>	

	</DIRECTORY>
</FILESYSTEM>
