﻿<?xml version="1.0" encoding="UTF-8" standalone="yes"?>

<FILESYSTEM>
	<DIRECTORY name="stockroom">

				<SOLUTION name = "Дистильована H&lt;sub&gt;2&lt;/sub&gt;O" description="Дистильована вода"
						  volume="3.0" vessel="3lCarboy">
					<SPECIES_REF id="0"/>

				</SOLUTION>
				
		<DIRECTORY name="Вихідні розчини">

				<SOLUTION name="19M NaOH" description="Натрій гідроксид 19 моль/л" volume="2.0" vessel="2500mlBottle">
					<SPECIES_REF id="0"/>
					<SPECIES_REF id="8" amount="38"/>
					<SPECIES_REF id="2" amount="38"/>
				</SOLUTION>
			
				<SOLUTION name="11.6M HCl" description="Хлоридна кислота 11,6 моль/л" volume="2.0" vessel="2500mlBottle">
					<SPECIES_REF id="0"/>
					<SPECIES_REF id="7" amount="23.2"/>
					<SPECIES_REF id="1" amount="23.2"/>
				</SOLUTION>

				<SOLUTION name="17.8M H&lt;sub&gt;2&lt;/sub&gt;SO&lt;sub&gt;4&lt;/sub&gt;" description="Сульфатна кислота 17,8 моль/л" volume="2.0" vessel="2500mlBottle">
					<SPECIES_REF id="0"/>
					<SPECIES_REF id="29" amount="35.6"/>
					<SPECIES_REF id="1" amount="35.6"/>
				</SOLUTION>

				<SOLUTION name="15.4M HNO&lt;sub&gt;3&lt;/sub&gt;" description="Нітратна кислотат 15,4 моль/л" volume="2.0" vessel="2500mlBottle">
					<SPECIES_REF id="0"/>
					<SPECIES_REF id="3" amount="30.8"/>
					<SPECIES_REF id="1" amount="30.8"/>
				</SOLUTION>

				<SOLUTION name="15M HClO&lt;sub&gt;4&lt;/sub&gt;" description="Перхлоратна кислота 15 моль/л" volume="2.0" vessel="2500mlBottle">
					<SPECIES_REF id="0"/>
					<SPECIES_REF id="6" amount="30"/>
					<SPECIES_REF id="1" amount="30"/>
				</SOLUTION>

				<SOLUTION name="14.6M H&lt;sub&gt;3&lt;/sub&gt;PO&lt;sub&gt;4&lt;/sub&gt;" description="Ортофосфатна кислота 14,6 моль/л" volume="2.0" vessel="2500mlBottle">
					<SPECIES_REF id="0"/>
					<SPECIES_REF id="37" amount="29.2"/>
				</SOLUTION>

				<SOLUTION name="14.8M NH&lt;sub&gt;3&lt;/sub&gt;" description="Розчин амоніаку 14,8 моль/л" volume="2.0" vessel="2500mlBottle">
					<SPECIES_REF id="0"/>
					<SPECIES_REF id="33" amount="29.6"/>
				</SOLUTION>

		</DIRECTORY>

		<DIRECTORY name="Сильні кислоти">
				<SOLUTION name="10M HCl" description="Хлоридна кислота 10 моль/л" volume="0.1">
					<SPECIES_REF id="0"/>
					<SPECIES_REF id="7" amount="1.0"/>
					<SPECIES_REF id="1" amount="1.0"/>
				</SOLUTION>

				<SOLUTION name="3M HCl" description="Хлоридна кислота 3 моль/л" volume="0.1">
					<SPECIES_REF id="0"/>
					<SPECIES_REF id="7" amount="0.30000000000000004"/>
					<SPECIES_REF id="1" amount="0.30000000000000004"/>
				</SOLUTION>

				<SOLUTION name="10M HBr" description="Бромідна кислота 10 моль/л" volume="0.1">
					<SPECIES_REF id="0"/>
					<SPECIES_REF id="5" amount="1.0"/>
					<SPECIES_REF id="1" amount="1.0"/>
				</SOLUTION>

				<SOLUTION name="3M HBr" description="Бромідна кислота 3 моль/л" volume="0.1">
					<SPECIES_REF id="0"/>
					<SPECIES_REF id="5" amount="0.3"/>
					<SPECIES_REF id="1" amount="0.3"/>
				</SOLUTION>

				<SOLUTION name="3M H&lt;sub&gt;2&lt;/sub&gt;SO&lt;sub&gt;4&lt;/sub&gt;" description="Сульфатна кислота 3 моль/л" volume="0.1">
					<SPECIES_REF id="0"/>
					<SPECIES_REF id="29" amount="0.3"/>
					<SPECIES_REF id="1" amount="0.3"/>
				</SOLUTION>

				<SOLUTION name="1M H&lt;sub&gt;2&lt;/sub&gt;SO&lt;sub&gt;4&lt;/sub&gt;" description="Сульфатна кислота 1 моль/л" volume="0.1">
					<SPECIES_REF id="0"/>
					<SPECIES_REF id="29" amount="0.1"/>
					<SPECIES_REF id="1" amount="0.1"/>
				</SOLUTION>

				<SOLUTION name="10M H&lt;sub&gt;2&lt;/sub&gt;SO&lt;sub&gt;4&lt;/sub&gt;" description="Сульфатна кислота 10 моль/л" volume="0.1">
					<SPECIES_REF id="0"/>
					<SPECIES_REF id="29" amount="1"/>
					<SPECIES_REF id="1" amount="1"/>
				</SOLUTION>

				<SOLUTION name="3M HNO&lt;sub&gt;3&lt;/sub&gt;" description="Нітратна кислота 3 моль/л" volume="0.1">
					<SPECIES_REF id="0"/>
					<SPECIES_REF id="3" amount="0.30000000000000004"/>
					<SPECIES_REF id="1" amount="0.30000000000000004"/>
				</SOLUTION>

				<SOLUTION name="10M HNO&lt;sub&gt;3&lt;/sub&gt;" description="Нітратна кислота 10 моль/л" volume="0.1">
					<SPECIES_REF id="0"/>
					<SPECIES_REF id="3" amount="1.0"/>
					<SPECIES_REF id="1" amount="1.0"/>
				</SOLUTION>

				<SOLUTION name="10M HClO&lt;sub&gt;4&lt;/sub&gt;" description="Перхлоратна кислота 10 моль/л" volume="0.1">
					<SPECIES_REF id="0"/>
					<SPECIES_REF id="6" amount="1.0"/>
					<SPECIES_REF id="1" amount="1.0"/>
				</SOLUTION>

				<SOLUTION name="3M HClO&lt;sub&gt;4&lt;/sub&gt;" description="Перхлоратна кислота 3 моль/л" volume="0.1">
					<SPECIES_REF id="0"/>
					<SPECIES_REF id="6" amount="0.3"/>
					<SPECIES_REF id="1" amount="0.3"/>
				</SOLUTION>

				<SOLUTION name="10M HI" description="Йодидна кислота 10 моль/л" volume="0.1">
					<SPECIES_REF id="0"/>
					<SPECIES_REF id="4" amount="1.0"/>
					<SPECIES_REF id="1" amount="1.0"/>
				</SOLUTION>

				<SOLUTION name="3M HI" description="Йодидна кислота 3 моль/л" volume="0.1">
					<SPECIES_REF id="0"/>
					<SPECIES_REF id="4" amount="0.3"/>
					<SPECIES_REF id="1" amount="0.3"/>
				</SOLUTION>

				<SOLUTION name="1M HCl" description="Хлоридна кислота 1 моль/л" volume="0.1">
					<SPECIES_REF id="0"/>
					<SPECIES_REF id="7" amount="0.1"/>
					<SPECIES_REF id="1" amount="0.1"/>
				</SOLUTION>

				<SOLUTION name="0.1M HCl" description="Хлоридна кислота 0,1 моль/л" volume="0.1">
					<SPECIES_REF id="0"/>
					<SPECIES_REF id="7" amount="0.01"/>
					<SPECIES_REF id="1" amount="0.01"/>
				</SOLUTION>

		</DIRECTORY>
		<DIRECTORY name="Слабкі кислоти">
				<SOLUTION name="1M HF" description="Фторидна кислота 1 моль/л" volume="0.1">
					<SPECIES_REF id="0"/>
					<SPECIES_REF id="10" amount="0.1"/>
				</SOLUTION>

				<SOLUTION name="1M CH&lt;sub&gt;3&lt;/sub&gt;COOH" description="Ацетатна кислота 1 моль/л" volume="0.1">
					<SPECIES_REF id="0"/>
					<SPECIES_REF id="22" amount="0.1"/>
				</SOLUTION>

				<SOLUTION name="3M CH&lt;sub&gt;3&lt;/sub&gt;COOH" description="Ацетатана кислота 3 моль/л" volume="0.1">
					<SPECIES_REF id="0"/>
					<SPECIES_REF id="22" amount="0.3"/>
				</SOLUTION>

				<SOLUTION name="3M NCCH&lt;sub&gt;2&lt;/sub&gt;COOH" description="Ціанооцтова кислота 3 моль/л" volume="0.1">
					<SPECIES_REF id="0"/>
					<SPECIES_REF id="14" amount="0.3"/>
				</SOLUTION>

				<SOLUTION name="3M H&lt;sub&gt;3&lt;/sub&gt;PO&lt;sub&gt;4&lt;/sub&gt;" description="Ортофосфатна кислота 3 моль/л" volume="0.1">
					<SPECIES_REF id="0"/>
					<SPECIES_REF id="37" amount="0.3"/>
				</SOLUTION>

				<SOLUTION name="1M H&lt;sub&gt;3&lt;/sub&gt;PO&lt;sub&gt;4&lt;/sub&gt;" description="Ортофосфатна кислота 1 моль/л" volume="0.1">
					<SPECIES_REF id="0"/>
					<SPECIES_REF id="37" amount="0.1"/>
				</SOLUTION>

				<SOLUTION name="1M NCCH&lt;sub&gt;2&lt;/sub&gt;COOH" description="Ціанооцтова кислота 1 моль/л" volume="0.1">
					<SPECIES_REF id="0"/>
					<SPECIES_REF id="14" amount="0.1"/>
				</SOLUTION>

				<SOLUTION name="3M HOI" description="Гіпойодитна кислота 3 моль/л" volume="0.1">
					<SPECIES_REF id="0"/>
					<SPECIES_REF id="20" amount="0.30000000000000004"/>
				</SOLUTION>

				<SOLUTION name="1M HOCl" description="Гіпохлоритна кислота 1 моль/л" volume="0.1">
					<SPECIES_REF id="0"/>
					<SPECIES_REF id="16" amount="0.1"/>
				</SOLUTION>


				<SOLUTION name="3M HOCl" description="Гіпохлоритна кислота 3 моль/л" volume="0.1">
					<SPECIES_REF id="0"/>
					<SPECIES_REF id="16" amount="0.30000000000000004"/>
				</SOLUTION>

				<SOLUTION name="1M HOI" description="Гіпойодитна кислота 1 моль/л" volume="0.1">
					<SPECIES_REF id="0"/>
					<SPECIES_REF id="20" amount="0.1"/>
				</SOLUTION>

				<SOLUTION name="1M HOBr" description="Гіпобромітна кислота 1 моль/л" volume="0.1">
					<SPECIES_REF id="0"/>
					<SPECIES_REF id="18" amount="0.1"/>
				</SOLUTION>

				<SOLUTION name="3M HF" description="Фторидна кислота 3 моль/л" volume="0.1">
					<SPECIES_REF id="0"/>
					<SPECIES_REF id="10" amount="0.30000000000000004"/>
				</SOLUTION>

				<SOLUTION name="3M Cl&lt;sub&gt;2&lt;/sub&gt;CHCOOH" description="Дихлороцтова кислота 3 моль/л" volume="0.1">
					<SPECIES_REF id="0"/>
					<SPECIES_REF id="12" amount="0.30000000000000004"/>
				</SOLUTION>

				<SOLUTION name="1M Cl&lt;sub&gt;2&lt;/sub&gt;CHCOOH" description="Дихлороцтова кислота 1 моль/л" volume="0.1">
					<SPECIES_REF id="0"/>
					<SPECIES_REF id="12" amount="0.1"/>
				</SOLUTION>

				<SOLUTION name="1M HCN" description="Ціанідна кислота 1 моль/л" volume="0.1">
					<SPECIES_REF id="0"/>
					<SPECIES_REF id="24" amount="0.1"/>
				</SOLUTION>

				<SOLUTION name="3M HOBr" description="Гіпобромітна кислота 3 моль/л" volume="0.1">
					<SPECIES_REF id="0"/>
					<SPECIES_REF id="18" amount="0.30000000000000004"/>
				</SOLUTION>

		</DIRECTORY>
						
			<DIRECTORY name="Спряжені кислоти">
				<SOLUTION name="1M NH&lt;sub&gt;4&lt;/sub&gt;Cl" description="Аммоній хлорид 1 моль/л" volume="0.1">
					<SPECIES_REF id="0"/>
					<SPECIES_REF id="7" amount="0.1"/>
					<SPECIES_REF id="36" amount="0.1"/>
				</SOLUTION>

				<SOLUTION name="3M NH&lt;sub&gt;4&lt;/sub&gt;Cl" description="Аммоній хлорид 3 моль/л" volume="0.1">
					<SPECIES_REF id="0"/>
					<SPECIES_REF id="7" amount="0.3"/>
					<SPECIES_REF id="36" amount="0.3"/>
				</SOLUTION>

				<SOLUTION name="1M C&lt;sub&gt;5&lt;/sub&gt;H&lt;sub&gt;5&lt;/sub&gt;NHCl" description="Піридиній хлорид 1 моль/л" volume="0.1">
					<SPECIES_REF id="0"/>
					<SPECIES_REF id="7" amount="0.1"/>
					<SPECIES_REF id="55" amount="0.1"/>
				</SOLUTION>

				<SOLUTION name="3M C&lt;sub&gt;5&lt;/sub&gt;H&lt;sub&gt;5&lt;/sub&gt;NHCl" description="Піридиній хлорид 3 моль/л" volume="0.1">
					<SPECIES_REF id="0"/>
					<SPECIES_REF id="7" amount="0.3"/>
					<SPECIES_REF id="55" amount="0.3"/>
				</SOLUTION>
		</DIRECTORY>
		
		<DIRECTORY name="Луги">
				<SOLUTION name="1M NaOH" description="Натрій гідроксид 1 моль/л" volume="0.1">
					<SPECIES_REF id="0"/>
					<SPECIES_REF id="8" amount="0.1"/>
					<SPECIES_REF id="2" amount="0.1"/>
				</SOLUTION>

				<SOLUTION name="0.1M NaOH" description="Натрій гідроксид 0,1 моль/л" volume="0.1">
					<SPECIES_REF id="0"/>
					<SPECIES_REF id="8" amount="0.01"/>
					<SPECIES_REF id="2" amount="0.01"/>
				</SOLUTION>

				<SOLUTION name="3M NaOH" description="Натрій гідроксид 3 моль/л" volume="0.1">
					<SPECIES_REF id="0"/>
					<SPECIES_REF id="8" amount="0.3"/>
					<SPECIES_REF id="2" amount="0.3"/>
				</SOLUTION>

				<SOLUTION name="10M NaOH" description="Натрій гідроксид 10 моль/л" volume="0.1">
					<SPECIES_REF id="0"/>
					<SPECIES_REF id="8" amount="1.0"/>
					<SPECIES_REF id="2" amount="1.0"/>
				</SOLUTION>
		</DIRECTORY>

		<DIRECTORY name="Слабкі основи">
				<SOLUTION name="3M NH&lt;sub&gt;3&lt;/sub&gt;" description="Розчин амоніаку 3 моль/л" volume="0.1">
					<SPECIES_REF id="0"/>
					<SPECIES_REF id="33" amount="0.3"/>
				</SOLUTION>

				<SOLUTION name="0.5M Mg(OH)&lt;sub&gt;2&lt;/sub&gt;" description="Магній гідроксид 0,5 моль/л" volume="0.1">
					<SPECIES_REF id="0"/>
					<SPECIES_REF id="51" amount="0.05"/>
				</SOLUTION>

				<SOLUTION name="1M NH&lt;sub&gt;3&lt;/sub&gt;" description="Розчин амоніаку 1 моль/л" volume="0.1">
					<SPECIES_REF id="0"/>
					<SPECIES_REF id="33" amount="0.1"/>
				</SOLUTION>

				<SOLUTION name="1M C&lt;sub&gt;5&lt;/sub&gt;H&lt;sub&gt;5&lt;/sub&gt;N" description="Піридин 1 моль/л" volume="0.1">
					<SPECIES_REF id="0"/>
					<SPECIES_REF id="56" amount="0.1"/>
				</SOLUTION>

				<SOLUTION name="3M C&lt;sub&gt;5&lt;/sub&gt;H&lt;sub&gt;5&lt;/sub&gt;N" description="Піридин 3 моль/л" volume="0.1">
					<SPECIES_REF id="0"/>
					<SPECIES_REF id="56" amount="0.3"/>
				</SOLUTION>
		</DIRECTORY>

		<DIRECTORY name="Спряжені основи">
				<SOLUTION name="1M NaNCCH&lt;sub&gt;2&lt;/sub&gt;COO" description="Натрій ціаноацетат 1 моль/л" volume="0.1">
					<SPECIES_REF id="0"/>
					<SPECIES_REF id="8" amount="0.1"/>
					<SPECIES_REF id="15" amount="0.1"/>
				</SOLUTION>

				<SOLUTION name="1M Na&lt;sub&gt;2&lt;/sub&gt;CO&lt;sub&gt;3&lt;/sub&gt;" description="Натрій карбонат 1 моль/л" volume="0.1">
					<SPECIES_REF id="0"/>
					<SPECIES_REF id="8" amount="0.2"/>
					<SPECIES_REF id="28" amount="0.1"/>
				</SOLUTION>

				<SOLUTION name="1M Na&lt;sub&gt;3&lt;/sub&gt;PO&lt;sub&gt;4&lt;/sub&gt;" description="Натрій ортофосфат 1 моль/л" volume="0.1">
					<SPECIES_REF id="0"/>
					<SPECIES_REF id="8" amount="0.3"/>
					<SPECIES_REF id="40" amount="0.1"/>
				</SOLUTION>

				<SOLUTION name="1M NaCH&lt;sub&gt;3&lt;/sub&gt;COO" description="Натрій ацетат 1 моль/л" volume="0.1">
					<SPECIES_REF id="0"/>
					<SPECIES_REF id="8" amount="0.1"/>
					<SPECIES_REF id="23" amount="0.1"/>
				</SOLUTION>

				<SOLUTION name="1M NaHCO&lt;sub&gt;3&lt;/sub&gt;" description="Натрій гідрогенкарбонат 1 моль/л" volume="0.1">
					<SPECIES_REF id="0"/>
					<SPECIES_REF id="8" amount="0.1"/>
					<SPECIES_REF id="27" amount="0.1"/>
				</SOLUTION>

				<SOLUTION name="1M NaOCl" description="Натрій гіпохлорит 1 моль/л" volume="0.1">
					<SPECIES_REF id="0"/>
					<SPECIES_REF id="8" amount="0.1"/>
					<SPECIES_REF id="17" amount="0.1"/>
				</SOLUTION>

				<SOLUTION name="1M NaOI" description="Натрій гіпойодит 1 моль/л" volume="0.1">
					<SPECIES_REF id="0"/>
					<SPECIES_REF id="8" amount="0.1"/>
					<SPECIES_REF id="21" amount="0.1"/>
				</SOLUTION>

				<SOLUTION name="1M NaCN" description="Натрій ціанід 1 моль/л" volume="0.1">
					<SPECIES_REF id="0"/>
					<SPECIES_REF id="8" amount="0.1"/>
					<SPECIES_REF id="25" amount="0.1"/>
				</SOLUTION>

				<SOLUTION name="1M NaOBr" description="Натрій гіпоброміт 1 моль/л" volume="0.1">
					<SPECIES_REF id="0"/>
					<SPECIES_REF id="8" amount="0.1"/>
					<SPECIES_REF id="19" amount="0.1"/>
				</SOLUTION>

				<SOLUTION name="1M NaF" description="Натрій фторид 1 моль/л" volume="0.1">
					<SPECIES_REF id="0"/>
					<SPECIES_REF id="8" amount="0.1"/>
					<SPECIES_REF id="11" amount="0.1"/>
				</SOLUTION>

				<SOLUTION name="1M NaCl&lt;sub&gt;2&lt;/sub&gt;CHCOO" description="Натрій дихлорацетат 1 моль/л" volume="0.1">
					<SPECIES_REF id="0"/>
					<SPECIES_REF id="8" amount="0.1"/>
					<SPECIES_REF id="13" amount="0.1"/>
				</SOLUTION>

		</DIRECTORY>

		<DIRECTORY name="Індикатори">
				<SOLUTION name="Метилоранж" description="Розчин метилового оранжевого" volume="0.1" vessel="100mlBottle">
					<SPECIES_REF id="0"/>
					<SPECIES_REF id="41" amount=".0001"/>
				</SOLUTION>

				<SOLUTION name="Метиловий червоний" description="Розчин метилового червоного" volume="0.1" vessel="100mlBottle">
					<SPECIES_REF id="0"/>
					<SPECIES_REF id="43" amount=".00015"/>
				</SOLUTION>

				<!--SOLUTION name="Крезоловий червоний" description="Розчин крезолового червоного" volume="0.1" vessel="100mlBottle">
					<SPECIES_REF id="0"/>
					<SPECIES_REF id="45" amount=".0000001"/>
				</SOLUTION-->

				<SOLUTION name="Фенолфталеїн" description="Розчин фенолфталеїну" volume="0.1" vessel="100mlBottle">
					<SPECIES_REF id="0"/>
					<SPECIES_REF id="47" amount=".00016"/>
				</SOLUTION>

				<SOLUTION name="Бромкрезоловий зелений" description="Розчин бромкрезолового зеленого" volume="0.1" vessel="100mlBottle">
					<SPECIES_REF id="0"/>
					<SPECIES_REF id="8" amount=".00006"/>
					<SPECIES_REF id="50" amount=".00006"/>
				</SOLUTION>
		</DIRECTORY>

		<DIRECTORY name ="Кристалічні реактиви">
			    <SOLUTION name = "NaCl" description="Натрій хлорид" volume="0.0" vessel="SolidBottle">
				    <SPECIES_REF id="59" amount="3.0"/>
				</SOLUTION>
        </DIRECTORY>	

	</DIRECTORY>
</FILESYSTEM>
