<?xml version="1.0" standalone="yes"?>

<FILESYSTEM>
	<DIRECTORY name="stockroom">

		<SOLUTION name = "Distilled H&lt;sub&gt;2&lt;/sub&gt;O" description="Distilled Water"
						  volume="3.0" vessel="3lCarboy">
			<SPECIES_REF id="0"/>

		</SOLUTION>

<!--		<SOLUTION name="10M NaOH" description="10M Sodium Hydroxide" volume="0.1">
			<SPECIES_REF id="0"/>
			<SPECIES_REF id="8" amount="1"/>
			<SPECIES_REF id="2" amount="1"/>
		</SOLUTION>

		<SOLUTION name="10M H&lt;sub&gt;2&lt;/sub&gt;SO&lt;sub&gt;4&lt;/sub&gt;" description="10 Molar Sulfuric Acid" volume="0.1">
			<SPECIES_REF id="0"/>
			<SPECIES_REF id="31" amount="1"/>
		</SOLUTION>

		<SOLUTION name="19M NaOH" description="19M Sodium Hydroxide" volume="2.0" vessel="2500mlBottle">
			<SPECIES_REF id="0"/>
			<SPECIES_REF id="8" amount="38"/>
			<SPECIES_REF id="2" amount="38"/>
		</SOLUTION>
		

		<SOLUTION name="17.8M H&lt;sub&gt;2&lt;/sub&gt;SO&lt;sub&gt;4&lt;/sub&gt;" description="17.8 Molar Sulfuric Acid" volume="2.0" vessel="2500mlBottle">
			<SPECIES_REF id="0"/>
			<SPECIES_REF id="29" amount="35.6"/>
			<SPECIES_REF id="1" amount="35.6"/>
		</SOLUTION>

		<SOLUTION name="14.6M H&lt;sub&gt;3&lt;/sub&gt;PO&lt;sub&gt;4&lt;/sub&gt;" description="14.6 Molar Phosphoric Acid" volume="2.0" vessel="2500mlBottle">
			<SPECIES_REF id="0"/>
			<SPECIES_REF id="37" amount="29.2"/>
		</SOLUTION>
		
		<SOLUTION name="1M NaHCO&lt;sub&gt;3&lt;/sub&gt;" description="1 Molar Sodium Hydrogen Carbonate" volume="0.1">
			<SPECIES_REF id="0"/>
			<SPECIES_REF id="27" amount=".1"/>
			<SPECIES_REF id="8" amount=".1"/>
		</SOLUTION>
-->

			<SOLUTION name="Mine Drainage Sample" description="Mine Drainage Sample" volume="0.1">
				<SPECIES_REF id="0"/>
				<SPECIES_REF id="30" amount=".02523"/>
				<SPECIES_REF id="29" amount=".7248"/>
				<SPECIES_REF id="1" amount=".009897"/>
				<SPECIES_REF id="3" amount=".2551"/>
			</SOLUTION>

			<SOLUTION name="River Sample" description="River Sample" volume="0.1">
				<SPECIES_REF id="0"/>
				<SPECIES_REF id="38" amount=".0013"/>
				<SPECIES_REF id="39" amount=".0008" />
				<SPECIES_REF id="27" amount=".0008" />
				<SPECIES_REF id="8" amount=".0039"/>
			</SOLUTION>
		

	</DIRECTORY>
	
</FILESYSTEM>
