﻿<?xml version="1.0" encoding="UTF-8" standalone="yes"?>

<FILESYSTEM>
	<DIRECTORY name="stockroom">

		<SOLUTION name="H&lt;sub&gt;2&lt;/sub&gt;O Destilada" description="Água Destilada" 
		          volume="3.0" vessel="3lCarboy">
			<SPECIES_REF id="0"/>
		</SOLUTION>

		<SOLUTION name="C&lt;sub&gt;6&lt;/sub&gt;H&lt;sub&gt;12&lt;/sub&gt;O&lt;sub&gt;6&lt;/sub&gt; 1M" 
		          description="Solução de Glicose 1 Molar" volume="0.1">
			<SPECIES_REF id="0"/>
			<SPECIES_REF id="3" amount="0.1"/>
		</SOLUTION>
	
		<FILE href="dilution.htm" description="Informações adicionais">
			Descrição do Problema
		</FILE>
     </DIRECTORY>
</FILESYSTEM>
