<?xml version="1.0" encoding="UTF-8" standalone="yes"?>
<SPECIES_LIST>
	<SPECIES id="0" name="H&lt;sub&gt;2&lt;/sub&gt;O"
					enthalpy="-285.83"
					entropy="69.91"
					state="l"
					molecularWeight="18.016"/>

	<SPECIES id="1" name="H&lt;sup&gt;+&lt;/sup&gt;"
					enthalpy="0.0"
					entropy="0.0"
					molecularWeight="1.008"/>

	<SPECIES id="2" name="OH&lt;sup&gt;-&lt;/sup&gt;"
					enthalpy="-229.99"
					entropy="-10.75"
					molecularWeight="17.008"/>

	<SPECIES id="3" name="Fe"
	                enthalpy="0"
	                entropy="0"
				    state="s"
				    molecularWeight="55.84"
					density="7.87"
					specificHeat="0.1075"/>

	<SPECIES id="4" name="Al"
					enthalpy="0"
					entropy="0"
				    state="s"
					molecularWeight="26.98"
					density="2.70"
					specificHeat="0.215"/>
					
	<SPECIES id="5" name="Ethyleneglycol"
	                enthalpy="0"
	                entropy="0"
				    state="aq"
				    molecularWeight="62.07"
					density="1.1088"
					waterReplacement="3.107"
					specificHeat="0.57"/>

	<SPECIES id="6" name="Unk"
					enthalpy="0"
					entropy="0"
				    state="s"
					molecularWeight="207.2"
					density="11.35"
					specificHeat="0.0305"/>

	<SPECIES id="7" name="Unk"
					enthalpy="0"
					entropy="0"
				    state="s"
					molecularWeight="47.87"
					density="4.54"
					specificHeat="0.1248"/>

</SPECIES_LIST>
