﻿<?xml version="1.0" encoding="UTF-8" standalone="yes"?>
<FILESYSTEM>
   <DIRECTORY name="Irydium Solutions">
      <SOLUTION name="H&lt;sub&gt;2&lt;/sub&gt;O" description="Distilled Water" volume="3.0" vessel="3lCarboy">
         <SPECIES_REF id="0"/>
      </SOLUTION>

<!--<SOLUTION name="Alcohol" description="Alcohol" volume="0.1">
         <SPECIES_REF amount="1.7133" id="3" />
      </SOLUTION>-->
      <SOLUTION name="Metal 1" description="Metal 1" volume="0" vessel="SolidBottle">
          <SPECIES_REF amount="1.568" id="3" />
      </SOLUTION>

      <SOLUTION name="Metal 2" description="Metal 2" volume="0" vessel="SolidBottle">
          <SPECIES_REF amount="1.8966" id="4" />
      </SOLUTION>

      <SOLUTION name="Metal 3" description="Metal 3" volume="0" vessel="SolidBottle">
          <SPECIES_REF amount="1.762" id="5" />
      </SOLUTION>

      <FILE href="problem.html" description="Problem Description">Problem Description</FILE>
   </DIRECTORY>
</FILESYSTEM>

