<?xml version="1.0" encoding="UTF-8" standalone="yes"?>

<FILESYSTEM>
	<DIRECTORY name="stockroom">

				<SOLUTION name="H&lt;sub&gt;2&lt;/sub&gt;O" description="Destilovaná voda" volume="0.1">
					<SPECIES_REF id="0"/>

				</SOLUTION>

		<DIRECTORY name="Roztoky">
				<SOLUTION name="1M NaOH" description="asi 1M Hydroxid sodný" volume="0.1">
					<SPECIES_REF id="0"/>
					<SPECIES_REF id="8" amount="0.09445"/>
					<SPECIES_REF id="2" amount="0.09445"/>
				</SOLUTION>


				<SOLUTION name="0,500M KHP" description="0,500 molární roztok Hydrogenftalanu draselného" volume="0.025">
					<SPECIES_REF id="0"/>
					<SPECIES_REF id="51" amount="0.01250"/>
				</SOLUTION>


				<SOLUTION name="Fenolftalein" description="Roztok indikátoru fenolftalein" volume="0.1" vessel="100mlBottle">
					<SPECIES_REF id="0"/>
					<SPECIES_REF id="47" amount=".0000002"/>
				</SOLUTION>
		</DIRECTORY>

		<FILE href="titration.htm" description="Popis problému">Popis problému</FILE>


     </DIRECTORY>

</FILESYSTEM>
