<?xml version="1.0" standalone="yes"?>
<SPECIES_LIST>
	<SPECIES id="0" name="H&lt;sub&gt;2&lt;/sub&gt;O"
					enthalpy="-285.83"
					entropy="69.91"
					state="l"
					molecularWeight="18.016"/>

	<SPECIES id="1" name="H&lt;sup&gt;+&lt;/sup&gt;"
					enthalpy="0.0"
					entropy="0.0"
					molecularWeight="1.008"/>

	<SPECIES id="2" name="OH&lt;sup&gt;-&lt;/sup&gt;"
					enthalpy="-229.99"
					entropy="-10.75"
					molecularWeight="17.008"/>

	<SPECIES id="3" name="Fe&lt;sup&gt;+3&lt;/sup&gt;"
					enthalpy="-48.5"
					entropy="-315.9"
					hue="48"
					saturation="100"
					value="60"
					colorConcentration=".01"
					molecularWeight="55.485"/>

	<SPECIES id="4" name="Fe(OH)&lt;sub&gt;3&lt;/sub&gt;"
					enthalpy="-823.0"
					entropy="106.7"
					state="s"
					hue="0"
					saturation="100"
					value="60"
					colorConcentration=".03"
                  	molecularWeight="89.86"
                  	density="3.4" />

	<SPECIES id="5" name="Fe&lt;sub&gt;2&lt;/sub&gt;(SO&lt;sub&gt;4&lt;/sub&gt;)&lt;sub&gt;3&lt;/sub&gt;"
					enthalpy="-2583.0"
					entropy="307.5"
					state="s"
					hue="54"
					saturation="100"
					value="80"
					colorConcentration=".03"
                  	molecularWeight="399.87"
                  	density="3.1" />

	<SPECIES id="7" name="Cl&lt;sup&gt;-&lt;/sup&gt;"
					enthalpy="-167.16"
					entropy="56.5"
					molecularWeight="35.45"/>

	<SPECIES id="8" name="Na&lt;sup&gt;+&lt;/sup&gt;"
					enthalpy="-240.12"
					entropy="59.0"
					molecularWeight="22.99"/>

	<SPECIES id="26" name="H&lt;sub&gt;2&lt;/sub&gt;CO&lt;sub&gt;3&lt;/sub&gt;"
					enthalpy="-669.65"
					entropy="187.4"
					molecularWeight="62.026"/>

	<SPECIES id="27" name="HCO&lt;sub&gt;3&lt;/sub&gt;&lt;sup&gt;-&lt;/sup&gt;"
					enthalpy="-691.99"
					entropy="-9.130028584898714"
					molecularWeight="61.018"/>

	<SPECIES id="28" name="CO&lt;sub&gt;3&lt;/sub&gt;&lt;sup&gt;-2&lt;/sup&gt;"
					enthalpy="-677.14"
					entropy="-156.8741463912882"
					molecularWeight="60.01"/>

	<SPECIES id="29" name="HSO&lt;sub&gt;4&lt;/sub&gt;&lt;sup&gt;-&lt;/sup&gt;"
					enthalpy="-887.34"
					entropy="131.8"
					molecularWeight="97.078"/>

	<SPECIES id="30" name="SO&lt;sub&gt;4&lt;/sub&gt;&lt;sup&gt;-2&lt;/sup&gt;"
					enthalpy="-907.51"
					entropy="17"
					molecularWeight="96.07"/>

	<SPECIES id="31" name="H&lt;sub&gt;2&lt;/sub&gt;SO&lt;sub&gt;4&lt;/sub&gt;"
					enthalpy="-907.51"
					entropy="17.15"
					state="aq"
					molecularWeight="98.086"/>

	<SPECIES id="33" name="NH&lt;sub&gt;3&lt;/sub&gt;"
					enthalpy="-80.29"
					entropy="111.42203050810235"
					molecularWeight="17.034"/>


	<SPECIES id="34" name="Mg(OH)&lt;sub&gt;2&lt;/sub&gt;"
					enthalpy="-924.54"
					state="s"
	               		molecularWeight="58.3"  
					entropy="63.18"/>


	<SPECIES id="35" name="Mg&lt;sup&gt;+2&lt;/sup&gt;"
					enthalpy="-466.85"
					entropy="-128.7070741292725"
					molecularWeight="24.305"/>


	<SPECIES id="51" name="Mg(OH)&lt;sub&gt;2&lt;/sub&gt;"
					enthalpy="-924.54"
					entropy="63.480304810939856"
					state="s"
					hue="180"
					saturation="0"
					value="100"
					colorConcentration=".03"
	                  	molecularWeight="58.32"/>

	<SPECIES id="52" name="Mg&lt;sup&gt;+2&lt;/sup&gt;"
					enthalpy="-466.85"
					entropy="-138.1"
					molecularWeight="24.305"/>

	<SPECIES id="53" name="Ca(OH)&lt;sub&gt;2&lt;/sub&gt;"
					enthalpy="-986.09"
					entropy="83.39"
					state="s"
					hue="180"
					saturation="0"
					value="100"
					colorConcentration=".03"
	                  	molecularWeight="58.32"/>

	<SPECIES id="54" name="Ca&lt;sup&gt;+2&lt;/sup&gt;"
					enthalpy="-542.83"
					entropy="-53.1"
					molecularWeight="40.08"/>


</SPECIES_LIST>
