<?xml version="1.0" encoding="UTF-8" standalone="yes"?>

<FILESYSTEM>
	<DIRECTORY name="stockroom">

				<SOLUTION name = "H&lt;sub&gt;2&lt;/sub&gt;O Destilada" description="Água Destilada"
						  volume="3.0" vessel="3lCarboy">
					<SPECIES_REF id="0"/>
				</SOLUTION>


			      <SOLUTION name = "Composto A" description="Composto A" volume="0.1">
				      <SPECIES_REF id="5" amount="2.715"/>
				</SOLUTION>

		<FILE href="freeze2.htm" description="Informações adicionais">Descrição do Problema</FILE>



	</DIRECTORY>
</FILESYSTEM>
