<?xml version="1.0" standalone="yes"?>

<FILESYSTEM>
	<DIRECTORY name="stockroom">

				<SOLUTION name="H&lt;sub&gt;2&lt;/sub&gt;O" description="Destilovaná voda" volume="0.1">
					<SPECIES_REF id="0"/>

				</SOLUTION>


				<SOLUTION name="CuCl" description="Roztok chloridu měďného (I)" volume="0.1">
					<SPECIES_REF id="0"/>
					<SPECIES_REF id="60" amount="0.075"/>
				</SOLUTION>

			<FILE href="cuclsolu.htm" description="Popis úkolu">Popis úkolu</FILE>

	</DIRECTORY>

</FILESYSTEM>
