<?xml version="1.0" encoding="UTF-8" standalone="yes"?>

<FILESYSTEM>
	<DIRECTORY name="stockroom">

		<SOLUTION name="Destilovaná H&lt;sub&gt;2&lt;/sub&gt;O" description="Destilovaná voda" 
		          volume="3.0" vessel="3lCarboy">
			<SPECIES_REF id="0"/>
		</SOLUTION>

		<SOLUTION name="Neznámý AgNO&lt;sub&gt;3&lt;/sub&gt;" 
		          description="Neznámý roztok AgNO&lt;sub&gt;3&lt;/sub&gt;" 
		          volume="0.0525">
			<SPECIES_REF id="0"/>
			<SPECIES_REF id="3" amount="0.007875"/>
			<SPECIES_REF id="9" amount="0.007875"/>
		</SOLUTION>
	
		<SOLUTION name="1M NaCl" 
		          description="1M roztok NaCl" 
		          volume="0.1">
			<SPECIES_REF id="0"/>
			<SPECIES_REF id="8" amount="0.1"/>
			<SPECIES_REF id="7" amount="0.1"/>
		</SOLUTION>

		<SOLUTION name="0.1M NaCl" 
		          description="0,1M roztok NaCl" 
		          volume="0.1">
			<SPECIES_REF id="0"/>
			<SPECIES_REF id="8" amount="0.01"/>
			<SPECIES_REF id="7" amount="0.01"/>
		</SOLUTION>

		<FILE href="silver.htm" description="Popis problému">Popis problému</FILE>

     </DIRECTORY>
</FILESYSTEM>
