﻿<?xml version="1.0" encoding="UTF-8" standalone="yes"?>
<FILESYSTEM>
   <DIRECTORY name="Irydium Solutions">
      <SOLUTION name="H&lt;sub&gt;2&lt;/sub&gt;O" description="Destilovan� voda" volume="3.0" vessel="3lCarboy">
         <SPECIES_REF id="0" amount="166.525" />
      </SOLUTION>

<!--<SOLUTION name="Alcohol" description="Alkohol" volume="0.1">
         <SPECIES_REF amount="1.7133" id="3" />
      </SOLUTION>-->
      <SOLUTION name="1M alkohol" description="1M roztok alkoholu" volume="0.1">
         <SPECIES_REF id="0" amount="5.2268" />

         <SPECIES_REF amount="0.1" id="3" />
      </SOLUTION>

      <SOLUTION name="Alkoholický nápoj A" description="Alkoholický nápoj A" volume="0.1">
         <SPECIES_REF id="0" amount="5.5508" />

         <SPECIES_REF id="5" amount="0.00001" />

         <SPECIES_REF amount="0.25" id="3" />
      </SOLUTION>

      <SOLUTION name="Alkoholický nápoj B" description="Alkoholický nápoj B" volume="0.1">
         <SPECIES_REF id="0" amount="2.8" />

         <SPECIES_REF id="4" amount="0.000002" />

         <SPECIES_REF amount="0.85" id="3" />
      </SOLUTION>

      <SOLUTION name="Alkohol 70 %" description="Alkohol 70 % (v/v)" volume="0.1">
         <SPECIES_REF id="0" amount="1.66525" />

         <SPECIES_REF id="3" amount="1.26253" />
      </SOLUTION>

      <FILE href="problem.html" description="Popis problému">Popis problému</FILE>
   </DIRECTORY>
</FILESYSTEM>

