<?xml version="1.0" encoding="UTF-8" standalone="yes"?>

<FILESYSTEM>
	<DIRECTORY name="stockroom">

				<SOLUTION name = "Distilled H&lt;sub&gt;2&lt;/sub&gt;O" description="Distilled Water"
						  volume="3.0" vessel="3lCarboy">
					<SPECIES_REF id="0"/>
				</SOLUTION>
				

				<SOLUTION name="0.1M HCl" description="0.1 Molar Hydrochloric Acid" volume="0.1">
					<SPECIES_REF id="0"/>
					<SPECIES_REF id="7" amount="0.01"/>
					<SPECIES_REF id="1" amount="0.01"/>
				</SOLUTION>

				<SOLUTION name="0.1M NaOH" description="0.1M Sodium Hydroxide" volume="0.1">
					<SPECIES_REF id="0"/>
					<SPECIES_REF id="8" amount="0.01"/>
					<SPECIES_REF id="2" amount="0.01"/>
				</SOLUTION>

				<SOLUTION name="0.1M CH&lt;sub&gt;3&lt;/sub&gt;COOH" description="0.1 Molar Acetic Acid" volume="0.1">
					<SPECIES_REF id="0"/>
					<SPECIES_REF id="22" amount="0.01"/>
				</SOLUTION>

				<SOLUTION name="0.1M NaCH&lt;sub&gt;3&lt;/sub&gt;COO" description="0.1M Sodium Acetate" volume="0.1">
					<SPECIES_REF id="0"/>
					<SPECIES_REF id="8" amount="0.01"/>
					<SPECIES_REF id="23" amount="0.01"/>
				</SOLUTION>

				<SOLUTION name="0.1M NH&lt;sub&gt;3&lt;/sub&gt;" description="0.1 Molar Ammonia" volume="0.1">
					<SPECIES_REF id="0"/>
					<SPECIES_REF id="33" amount="0.01"/>
				</SOLUTION>		
				
				<SOLUTION name="0.1M NH&lt;sub&gt;4&lt;/sub&gt;Cl" description="0.1 Molar Ammonium Chloride" volume="0.1">
					<SPECIES_REF id="0"/>
					<SPECIES_REF id="7" amount="0.01"/>
					<SPECIES_REF id="36" amount="0.01"/>
				</SOLUTION>


       </DIRECTORY>	

</FILESYSTEM>
