<?xml version="1.0" encoding="UTF-8" standalone="yes"?>

<SPECIES_LIST>
	<SPECIES entropy="69.91"
			name="H&lt;sub&gt;2&lt;/sub&gt;O"
			state="l"
			enthalpy="-285.83"
			density="1.000"
			specificHeat="1.000"
			molecularWeight="18.01534"
			unitActivity="true"
			id="0"/>
	<SPECIES entropy="0.0"
			name="H&lt;sup&gt;+&lt;/sup&gt;"
			enthalpy="0.0"
			id="1"/>
	<SPECIES entropy="-10.75"
			name="OH&lt;sup&gt;-&lt;/sup&gt;"
			enthalpy="-229.99"
			id="2"/>
	<SPECIES entropy="360.2"
			name="Sucrose"
			state="s"
			enthalpy="-2226.1"
			molecularWeight="342.3"
			density="1.587"
			specificHeat="0.2"
			id="3"/>
	<SPECIES entropy="372.6"
			name="Sucrose&lt;sub&gt;(aq)&lt;/sub&gt;"
			state="aq"
			enthalpy="-2224.1"
			molecularWeight="342.3"
			density="1.594"
			id="4"/>
	<SPECIES entropy="0"
			name="Caramel"
			state="aq"
			enthalpy="0"
			molecularWeight="500"
			hue="0"
		  	saturation="80"
		 	value="40"
		  	colorConcentration=".001"
			id="5"/>
	<SPECIES entropy="0"
			name="Aromas"
			state="aq"
			enthalpy="0"
			molecularWeight="100"
			id="6"/>
	<SPECIES id="37" name="H&lt;sub&gt;3&lt;/sub&gt;PO&lt;sub&gt;4&lt;/sub&gt;"
					enthalpy="-1288.34"
					entropy="158.19999999999982"
					molecularWeight="97.994"/>

	<SPECIES id="38" name="H&lt;sub&gt;2&lt;/sub&gt;PO&lt;sub&gt;4&lt;/sub&gt;&lt;sup&gt;-&lt;/sup&gt;"
					enthalpy="-1296.29"
					entropy="90.87604282938487"
					molecularWeight="96.986"/>

	<SPECIES id="39" name="HPO&lt;sub&gt;4&lt;/sub&gt;&lt;sup&gt;-2&lt;/sup&gt;"
					enthalpy="-1292.14"
					entropy="-33.15335540626731"
					molecularWeight="95.978"/>

	<SPECIES id="40" name="PO&lt;sub&gt;4&lt;/sub&gt;&lt;sup&gt;-3&lt;/sup&gt;"
					enthalpy="-1277.4"
					entropy="-226.04278471190318"
					molecularWeight="94.97"/>
			
</SPECIES_LIST>