<?xml version="1.0" encoding="UTF-8" standalone="yes"?>

<FILESYSTEM>
	<DIRECTORY name="stockroom">
		<SOLUTION name="H&lt;sub&gt;2&lt;/sub&gt;O" description="Água Destilada" volume=".1">
			<SPECIES_REF id="0"/>
		</SOLUTION>
	
		<FILE href="cobalt2.htm" description="Informações adicionais">Descrição do Problema</FILE>

	    <DIRECTORY name="Soluções de Cloreto de Cobalto(II)">
		<SOLUTION name="CoCl&lt;sub&gt;2&lt;/sub&gt; 1M" description="solução de cloreto de cobalto(II) 1 Molar" volume=".1">
			<SPECIES_REF id="0"/>
			<SPECIES_REF id="224" amount=".1"/>
			<SPECIES_REF id="101" amount=".2"/>
		</SOLUTION>

		<SOLUTION name="HCl 12M" description="ácido clorídrico 12 Molar" volume=".1">
			<SPECIES_REF id="0"/>
			<SPECIES_REF id="1" amount="1.2"/>			
			<SPECIES_REF id="101" amount="1.2"/>
		</SOLUTION>

	
		<SOLUTION name="AgNO&lt;sub&gt;3&lt;/sub&gt; 6M" description="nitrato de prata 6 Molar" volume=".1">
			<SPECIES_REF id="0"/>
			<SPECIES_REF id="232" amount=".6"/>
			<SPECIES_REF id="233" amount=".6"/>
		</SOLUTION>



	    </DIRECTORY>	

	</DIRECTORY>
</FILESYSTEM>