﻿<?xml version="1.0" encoding="UTF-8" standalone="yes"?>

<FILESYSTEM>
	<DIRECTORY name="stockroom">

				<SOLUTION name = "H&lt;sub&gt;2&lt;/sub&gt;O Destilada" description="Água Destilada"
						  volume="3.0" vessel="3lCarboy">
					<SPECIES_REF id="0"/>

				</SOLUTION>


			      <SOLUTION name = "Composto Y" description="Composto Y" volume="0.1">
				      <SPECIES_REF id="4" amount="1.643"/>
				</SOLUTION>

		<FILE href="freeze.htm" description="Informações adicionais">Descrição do Problema</FILE>



	</DIRECTORY>
</FILESYSTEM>
