﻿<?xml version="1.0" encoding="UTF-8" standalone="yes"?>

<REACTIONS>
	<!--  H<sub>2</sub>O ->  H<sup>+</sup> +  OH<sup>-</sup> -->
	<REACTION>
		<SPECIES_REF id="0" coefficient="-1"/>
		<SPECIES_REF id="1" coefficient="1"/>
		<SPECIES_REF id="2" coefficient="1"/>
	</REACTION>

	<!--  Hg<sub>2</sub><sup>+2</sup> +  SO<sub>4</sub><sup>-2</sup> ->  Hg<sub>2</sub>SO<sub>4</sub> -->
	<REACTION>
		<SPECIES_REF id="3" coefficient="-1"/>
		<SPECIES_REF id="5" coefficient="1"/>
		<SPECIES_REF id="4" coefficient="-1"/>
	</REACTION>

	<!--2.0  Cl<sup>-1</sup> +  Cu<sup>+2</sup> ->  CuCl<sub>2</sub> -->
	<REACTION>
		<SPECIES_REF id="7" coefficient="-2"/>
		<SPECIES_REF id="6" coefficient="-1"/>
		<SPECIES_REF id="8" coefficient="1"/>
	</REACTION>

	<!-- 2.0 Cl<sup>-1</sup> +  Hg<sub>2</sub><sup>+2</sup> ->  Hg<sub>2</sub>Cl<sub>2</sub> -->
	<REACTION>
		<SPECIES_REF id="7" coefficient="-2"/>
		<SPECIES_REF id="3" coefficient="-1"/>
		<SPECIES_REF id="9" coefficient="1"/>
	</REACTION>

	<!--  Ca<sup>+2</sup> +  SO<sub>4</sub><sup>-2</sup> ->  CaSO<sub>4</sub> -->
	<REACTION>
		<SPECIES_REF id="10" coefficient="-1"/>
		<SPECIES_REF id="11" coefficient="1"/>
		<SPECIES_REF id="4" coefficient="-1"/>
	</REACTION>

</REACTIONS>