﻿<?xml version="1.0" encoding="UTF-8" standalone="yes"?>

<FILESYSTEM>
	<DIRECTORY name="stockroom">

				<SOLUTION name = "蒸馏 H&lt;sub&gt;2&lt;/sub&gt;O" description="蒸馏水"
						  volume="3.0" vessel="3lCarboy">
					<SPECIES_REF id="0"/>

				</SOLUTION>

		<DIRECTORY name="股票解决方案">
				<SOLUTION name="19M NaOH" description="19M 氢氧化钠" volume="2.0" vessel="2500mlBottle">
					<SPECIES_REF id="0"/>
					<SPECIES_REF id="8" amount="38"/>
					<SPECIES_REF id="2" amount="38"/>
				</SOLUTION>

			
				<SOLUTION name="11.6M HCl" description="11.6M 盐酸" volume="2.0" vessel="2500mlBottle">
					<SPECIES_REF id="0"/>
					<SPECIES_REF id="7" amount="23.2"/>
					<SPECIES_REF id="1" amount="23.2"/>
				</SOLUTION>

				<SOLUTION name="17.8M H&lt;sub&gt;2&lt;/sub&gt;SO&lt;sub&gt;4&lt;/sub&gt;" description="17.8M 硫酸" volume="2.0" vessel="2500mlBottle">
					<SPECIES_REF id="0"/>
					<SPECIES_REF id="29" amount="35.6"/>
					<SPECIES_REF id="1" amount="35.6"/>
				</SOLUTION>

				<SOLUTION name="15.4M HNO&lt;sub&gt;3&lt;/sub&gt;" description="15.4M 硝酸" volume="2.0" vessel="2500mlBottle">
					<SPECIES_REF id="0"/>
					<SPECIES_REF id="3" amount="30.8"/>
					<SPECIES_REF id="1" amount="30.8"/>
				</SOLUTION>

				<SOLUTION name="15M HClO&lt;sub&gt;4&lt;/sub&gt;" description="15M 高氯酸" volume="2.0" vessel="2500mlBottle">
					<SPECIES_REF id="0"/>
					<SPECIES_REF id="6" amount="30"/>
					<SPECIES_REF id="1" amount="30"/>
				</SOLUTION>

				<SOLUTION name="14.6M H&lt;sub&gt;3&lt;/sub&gt;PO&lt;sub&gt;4&lt;/sub&gt;" description="14.6M 磷酸" volume="2.0" vessel="2500mlBottle">
					<SPECIES_REF id="0"/>
					<SPECIES_REF id="37" amount="29.2"/>
				</SOLUTION>

			
				<SOLUTION name="14.8M NH&lt;sub&gt;3&lt;/sub&gt;" description="14.8M 氨" volume="2.0" vessel="2500mlBottle">
					<SPECIES_REF id="0"/>
					<SPECIES_REF id="33" amount="29.6"/>
				</SOLUTION>

		</DIRECTORY>
		<DIRECTORY name="强酸">
				<SOLUTION name="10M HCl" description="10M 盐酸" volume="0.1">
					<SPECIES_REF id="0"/>
					<SPECIES_REF id="7" amount="1.0"/>
					<SPECIES_REF id="1" amount="1.0"/>
				</SOLUTION>

				<SOLUTION name="3M HCl" description="3M 盐酸" volume="0.1">
					<SPECIES_REF id="0"/>
					<SPECIES_REF id="7" amount="0.30000000000000004"/>
					<SPECIES_REF id="1" amount="0.30000000000000004"/>
				</SOLUTION>

				<SOLUTION name="10M HBr" description="10M 氢溴酸" volume="0.1">
					<SPECIES_REF id="0"/>
					<SPECIES_REF id="5" amount="1.0"/>
					<SPECIES_REF id="1" amount="1.0"/>
				</SOLUTION>

				<SOLUTION name="3M HBr" description="3M 氢溴酸" volume="0.1">
					<SPECIES_REF id="0"/>
					<SPECIES_REF id="5" amount="0.3"/>
					<SPECIES_REF id="1" amount="0.3"/>
				</SOLUTION>

				<SOLUTION name="3M H&lt;sub&gt;2&lt;/sub&gt;SO&lt;sub&gt;4&lt;/sub&gt;" description="3M 硫酸" volume="0.1">
					<SPECIES_REF id="0"/>
					<SPECIES_REF id="29" amount="0.3"/>
					<SPECIES_REF id="1" amount="0.3"/>
				</SOLUTION>

				<SOLUTION name="1M H&lt;sub&gt;2&lt;/sub&gt;SO&lt;sub&gt;4&lt;/sub&gt;" description="1M 硫酸" volume="0.1">
					<SPECIES_REF id="0"/>
					<SPECIES_REF id="29" amount="0.1"/>
					<SPECIES_REF id="1" amount="0.1"/>
				</SOLUTION>

				<SOLUTION name="10M H&lt;sub&gt;2&lt;/sub&gt;SO&lt;sub&gt;4&lt;/sub&gt;" description="10M 硫酸" volume="0.1">
					<SPECIES_REF id="0"/>
					<SPECIES_REF id="29" amount="1"/>
					<SPECIES_REF id="1" amount="1"/>
				</SOLUTION>

				<SOLUTION name="3M HNO&lt;sub&gt;3&lt;/sub&gt;" description="3M 硝酸" volume="0.1">
					<SPECIES_REF id="0"/>
					<SPECIES_REF id="3" amount="0.30000000000000004"/>
					<SPECIES_REF id="1" amount="0.30000000000000004"/>
				</SOLUTION>

				<SOLUTION name="10M HNO&lt;sub&gt;3&lt;/sub&gt;" description="10M 硝酸" volume="0.1">
					<SPECIES_REF id="0"/>
					<SPECIES_REF id="3" amount="1.0"/>
					<SPECIES_REF id="1" amount="1.0"/>
				</SOLUTION>

				<SOLUTION name="10M HClO&lt;sub&gt;4&lt;/sub&gt;" description="10M 高氯酸" volume="0.1">
					<SPECIES_REF id="0"/>
					<SPECIES_REF id="6" amount="1.0"/>
					<SPECIES_REF id="1" amount="1.0"/>
				</SOLUTION>

				<SOLUTION name="3M HClO&lt;sub&gt;4&lt;/sub&gt;" description="3M 高氯酸" volume="0.1">
					<SPECIES_REF id="0"/>
					<SPECIES_REF id="6" amount="0.3"/>
					<SPECIES_REF id="1" amount="0.3"/>
				</SOLUTION>


				<SOLUTION name="10M HI" description="10M 氢碘酸" volume="0.1">
					<SPECIES_REF id="0"/>
					<SPECIES_REF id="4" amount="1.0"/>
					<SPECIES_REF id="1" amount="1.0"/>
				</SOLUTION>

				<SOLUTION name="3M HI" description="3M 氢碘酸" volume="0.1">
					<SPECIES_REF id="0"/>
					<SPECIES_REF id="4" amount="0.3"/>
					<SPECIES_REF id="1" amount="0.3"/>
				</SOLUTION>

				<SOLUTION name="1M HCl" description="1M 盐酸" volume="0.1">
					<SPECIES_REF id="0"/>
					<SPECIES_REF id="7" amount="0.1"/>
					<SPECIES_REF id="1" amount="0.1"/>
				</SOLUTION>

				<SOLUTION name="0.1M HCl" description="0.1M 盐酸" volume="0.1">
					<SPECIES_REF id="0"/>
					<SPECIES_REF id="7" amount="0.01"/>
					<SPECIES_REF id="1" amount="0.01"/>
				</SOLUTION>


		</DIRECTORY>
		<DIRECTORY name="弱酸">
				<SOLUTION name="1M HF" description="1M 氢氟酸" volume="0.1">
					<SPECIES_REF id="0"/>
					<SPECIES_REF id="10" amount="0.1"/>
				</SOLUTION>

				<SOLUTION name="1M CH&lt;sub&gt;3&lt;/sub&gt;COOH" description="1M 醋酸" volume="0.1">
					<SPECIES_REF id="0"/>
					<SPECIES_REF id="22" amount="0.1"/>
				</SOLUTION>

				<SOLUTION name="3M CH&lt;sub&gt;3&lt;/sub&gt;COOH" description="3M 醋酸" volume="0.1">
					<SPECIES_REF id="0"/>
					<SPECIES_REF id="22" amount="0.3"/>
				</SOLUTION>

				<SOLUTION name="3M NCCH&lt;sub&gt;2&lt;/sub&gt;COOH" description="3M 氰酸" volume="0.1">
					<SPECIES_REF id="0"/>
					<SPECIES_REF id="14" amount="0.3"/>
				</SOLUTION>

				<SOLUTION name="3M H&lt;sub&gt;3&lt;/sub&gt;PO&lt;sub&gt;4&lt;/sub&gt;" description="3M 磷酸" volume="0.1">
					<SPECIES_REF id="0"/>
					<SPECIES_REF id="37" amount="0.3"/>
				</SOLUTION>

				<SOLUTION name="1M H&lt;sub&gt;3&lt;/sub&gt;PO&lt;sub&gt;4&lt;/sub&gt;" description="1M 磷酸" volume="0.1">
					<SPECIES_REF id="0"/>
					<SPECIES_REF id="37" amount="0.1"/>
				</SOLUTION>


				<SOLUTION name="1M NCCH&lt;sub&gt;2&lt;/sub&gt;COOH" description="1M Ácido 氰酸" volume="0.1">
					<SPECIES_REF id="0"/>
					<SPECIES_REF id="14" amount="0.1"/>
				</SOLUTION>

				<SOLUTION name="3M HOI" description="3M 次碘酸" volume="0.1">
					<SPECIES_REF id="0"/>
					<SPECIES_REF id="20" amount="0.30000000000000004"/>
				</SOLUTION>

				<SOLUTION name="1M HOCl" description="1M 次氯酸" volume="0.1">
					<SPECIES_REF id="0"/>
					<SPECIES_REF id="16" amount="0.1"/>
				</SOLUTION>


				<SOLUTION name="3M HOCl" description="3M 次氯酸" volume="0.1">
					<SPECIES_REF id="0"/>
					<SPECIES_REF id="16" amount="0.30000000000000004"/>
				</SOLUTION>

				<SOLUTION name="1M HOI" description="1M 次碘酸" volume="0.1">
					<SPECIES_REF id="0"/>
					<SPECIES_REF id="20" amount="0.1"/>
				</SOLUTION>

				<SOLUTION name="1M HOBr" description="1M 次溴酸酸" volume="0.1">
					<SPECIES_REF id="0"/>
					<SPECIES_REF id="18" amount="0.1"/>
				</SOLUTION>

				<SOLUTION name="3M HF" description="3M 氢氟酸" volume="0.1">
					<SPECIES_REF id="0"/>
					<SPECIES_REF id="10" amount="0.30000000000000004"/>
				</SOLUTION>

				<SOLUTION name="3M Cl&lt;sub&gt;2&lt;/sub&gt;CHCOOH" description="3M 二氯乙酸" volume="0.1">
					<SPECIES_REF id="0"/>
					<SPECIES_REF id="12" amount="0.30000000000000004"/>
				</SOLUTION>

				<SOLUTION name="1M Cl&lt;sub&gt;2&lt;/sub&gt;CHCOOH" description="1M 二氯乙酸" volume="0.1">
					<SPECIES_REF id="0"/>
					<SPECIES_REF id="12" amount="0.1"/>
				</SOLUTION>

				<SOLUTION name="1M HCN" description="1M 氢氰酸" volume="0.1">
					<SPECIES_REF id="0"/>
					<SPECIES_REF id="24" amount="0.1"/>
				</SOLUTION>

				<SOLUTION name="3M HOBr" description="3M 次溴酸酸" volume="0.1">
					<SPECIES_REF id="0"/>
					<SPECIES_REF id="18" amount="0.30000000000000004"/>
				</SOLUTION>

		</DIRECTORY>

		<DIRECTORY name="共轭酸">

				<SOLUTION name="1M NH&lt;sub&gt;4&lt;/sub&gt;Cl" description="1M 氯化铵" volume="0.1">
					<SPECIES_REF id="0"/>
					<SPECIES_REF id="7" amount="0.1"/>
					<SPECIES_REF id="36" amount="0.1"/>
				</SOLUTION>

				<SOLUTION name="3M NH&lt;sub&gt;4&lt;/sub&gt;Cl" description="3M 氯化铵" volume="0.1">
					<SPECIES_REF id="0"/>
					<SPECIES_REF id="7" amount="0.3"/>
					<SPECIES_REF id="36" amount="0.3"/>
				</SOLUTION>

				<SOLUTION name="1M C&lt;sub&gt;5&lt;/sub&gt;H&lt;sub&gt;5&lt;/sub&gt;NHCl" description="1M 吡啶氯化物" volume="0.1">
					<SPECIES_REF id="0"/>
					<SPECIES_REF id="7" amount="0.1"/>
					<SPECIES_REF id="55" amount="0.1"/>
				</SOLUTION>

				<SOLUTION name="3M C&lt;sub&gt;5&lt;/sub&gt;H&lt;sub&gt;5&lt;/sub&gt;NHCl" description="3M 吡啶氯化物" volume="0.1">
					<SPECIES_REF id="0"/>
					<SPECIES_REF id="7" amount="0.3"/>
					<SPECIES_REF id="55" amount="0.3"/>
				</SOLUTION>

		</DIRECTORY>

		<DIRECTORY name="强碱">
				<SOLUTION name="1M NaOH" description="1M 氢氧化钠" volume="0.1">
					<SPECIES_REF id="0"/>
					<SPECIES_REF id="8" amount="0.1"/>
					<SPECIES_REF id="2" amount="0.1"/>
				</SOLUTION>

				<SOLUTION name="0.1M NaOH" description="0.1M 氢氧化钠" volume="0.1">
					<SPECIES_REF id="0"/>
					<SPECIES_REF id="8" amount="0.01"/>
					<SPECIES_REF id="2" amount="0.01"/>
				</SOLUTION>



				<SOLUTION name="3M NaOH" description="3M 氢氧化钠" volume="0.1">
					<SPECIES_REF id="0"/>
					<SPECIES_REF id="8" amount="0.3"/>
					<SPECIES_REF id="2" amount="0.3"/>
				</SOLUTION>

				<SOLUTION name="10M NaOH" description="10M 氢氧化钠" volume="0.1">
					<SPECIES_REF id="0"/>
					<SPECIES_REF id="8" amount="1.0"/>
					<SPECIES_REF id="2" amount="1.0"/>
				</SOLUTION>

		</DIRECTORY>
		<DIRECTORY name="弱碱">

				<SOLUTION name="3M NH&lt;sub&gt;3&lt;/sub&gt;" description="3M 氨" volume="0.1">
					<SPECIES_REF id="0"/>
					<SPECIES_REF id="33" amount="0.3"/>
				</SOLUTION>

				<SOLUTION name="0.5M Mg(OH)&lt;sub&gt;2&lt;/sub&gt;" description="0.5M 氢氧化镁" volume="0.1">
					<SPECIES_REF id="0"/>
					<SPECIES_REF id="51" amount="0.05"/>
				</SOLUTION>

				<SOLUTION name="1M NH&lt;sub&gt;3&lt;/sub&gt;" description="1M 氨" volume="0.1">
					<SPECIES_REF id="0"/>
					<SPECIES_REF id="33" amount="0.1"/>
				</SOLUTION>

				<SOLUTION name="1M C&lt;sub&gt;5&lt;/sub&gt;H&lt;sub&gt;5&lt;/sub&gt;N" description="1M 吡啶" volume="0.1">
					<SPECIES_REF id="0"/>
					<SPECIES_REF id="56" amount="0.1"/>
				</SOLUTION>

				<SOLUTION name="3M C&lt;sub&gt;5&lt;/sub&gt;H&lt;sub&gt;5&lt;/sub&gt;N" description="3M 吡啶" volume="0.1">
					<SPECIES_REF id="0"/>
					<SPECIES_REF id="56" amount="0.3"/>
				</SOLUTION>

		</DIRECTORY>

		<DIRECTORY name="共轭碱">
				<SOLUTION name="1M NaNCCH&lt;sub&gt;2&lt;/sub&gt;COO" description="1M 氰乙酸钠" volume="0.1">
					<SPECIES_REF id="0"/>
					<SPECIES_REF id="8" amount="0.1"/>
					<SPECIES_REF id="15" amount="0.1"/>
				</SOLUTION>

				<SOLUTION name="1M Na&lt;sub&gt;2&lt;/sub&gt;CO&lt;sub&gt;3&lt;/sub&gt;" description="1M 纯碱" volume="0.1">
					<SPECIES_REF id="0"/>
					<SPECIES_REF id="8" amount="0.2"/>
					<SPECIES_REF id="28" amount="0.1"/>
				</SOLUTION>

				<SOLUTION name="1M Na&lt;sub&gt;3&lt;/sub&gt;PO&lt;sub&gt;4&lt;/sub&gt;" description="1M 磷酸钠" volume="0.1">
					<SPECIES_REF id="0"/>
					<SPECIES_REF id="8" amount="0.3"/>
					<SPECIES_REF id="40" amount="0.1"/>
				</SOLUTION>
				

				<SOLUTION name="1M NaCH&lt;sub&gt;3&lt;/sub&gt;COO" description="1M 醋酸钠" volume="0.1">
					<SPECIES_REF id="0"/>
					<SPECIES_REF id="8" amount="0.1"/>
					<SPECIES_REF id="23" amount="0.1"/>
				</SOLUTION>

				<SOLUTION name="1M NaHCO&lt;sub&gt;3&lt;/sub&gt;" description="1M 碳酸氢钠" volume="0.1">
					<SPECIES_REF id="0"/>
					<SPECIES_REF id="8" amount="0.1"/>
					<SPECIES_REF id="27" amount="0.1"/>
				</SOLUTION>

				<SOLUTION name="1M NaOCl" description="1M 次氯酸钠" volume="0.1">
					<SPECIES_REF id="0"/>
					<SPECIES_REF id="8" amount="0.1"/>
					<SPECIES_REF id="17" amount="0.1"/>
				</SOLUTION>

				<SOLUTION name="1M NaOI" description="1M 次碘酸盐钠" volume="0.1">
					<SPECIES_REF id="0"/>
					<SPECIES_REF id="8" amount="0.1"/>
					<SPECIES_REF id="21" amount="0.1"/>
				</SOLUTION>

				<SOLUTION name="1M NaCN" description="1M 氰化钠" volume="0.1">
					<SPECIES_REF id="0"/>
					<SPECIES_REF id="8" amount="0.1"/>
					<SPECIES_REF id="25" amount="0.1"/>
				</SOLUTION>

				<SOLUTION name="1M NaOBr" description="1M 次溴酸钠" volume="0.1">
					<SPECIES_REF id="0"/>
					<SPECIES_REF id="8" amount="0.1"/>
					<SPECIES_REF id="19" amount="0.1"/>
				</SOLUTION>

				<SOLUTION name="1M NaF" description="1M 氟化钠" volume="0.1">
					<SPECIES_REF id="0"/>
					<SPECIES_REF id="8" amount="0.1"/>
					<SPECIES_REF id="11" amount="0.1"/>
				</SOLUTION>

				<SOLUTION name="1M NaCl&lt;sub&gt;2&lt;/sub&gt;CHCOO" description="1M 二氯乙酸钠" volume="0.1">
					<SPECIES_REF id="0"/>
					<SPECIES_REF id="8" amount="0.1"/>
					<SPECIES_REF id="13" amount="0.1"/>
				</SOLUTION>

		</DIRECTORY>

		<DIRECTORY name="指标">

				<SOLUTION name="甲基橙" description="甲基橙指示剂解决方案" volume="0.1" vessel="100mlBottle">
					<SPECIES_REF id="0"/>
					<SPECIES_REF id="41" amount=".0001"/>
				</SOLUTION>

				<SOLUTION name="甲基红" description="甲基红指示液" volume="0.1" vessel="100mlBottle">
					<SPECIES_REF id="0"/>
					<SPECIES_REF id="43" amount=".00015"/>
				</SOLUTION>

				<SOLUTION name="甲酚红" description="甲酚红指示液" volume="0.1" vessel="100mlBottle">
					<SPECIES_REF id="0"/>
					<SPECIES_REF id="47" amount=".00016"/>
				</SOLUTION>

				<SOLUTION name="溴甲酚绿" description="溴甲酚绿指示剂" volume="0.1" vessel="100mlBottle">
					<SPECIES_REF id="0"/>
					<SPECIES_REF id="8" amount=".00006"/>
					<SPECIES_REF id="50" amount=".00006"/>
				</SOLUTION>

		</DIRECTORY>

		<DIRECTORY name ="固体">
			    <SOLUTION name = "NaCl" description="氯化钠" volume="0.0" vessel="SolidBottle">
				    <SPECIES_REF id="59" amount="3.0"/>
				</SOLUTION>
        </DIRECTORY>	
					

	</DIRECTORY>
</FILESYSTEM>
